title,company,base,salary,date
电气专业编辑,上海敬贤信息科技有限公司,上海,6-8千/月,11月22日
APP地理课程开发,北京中青文文化传媒有限公司,北京,0.8-1万/月,11月22日
编辑（美妆类）,北京众览无限传媒广告有限公司上海分公司,上海,4-8千/月,11月22日
印制助理/印务助理,北京全景地理书业有限公司,北京,6-8千/月,11月22日
选题策划编辑,北京猫猫咪呀文化传媒有限公司,北京,0.8-1万/月,11月22日
文案策划（侧重公文写作）,深圳市千山叶广告有限公司,深圳,5-7千/月,11月22日
英语编辑,北京世超育华教育科技有限公司,北京,4.5-6千/月,11月22日
版权经理,北京湛庐文化传播有限公司,北京,5-9千/月,11月22日
医学编辑,上海东闻文化传媒有限公司,上海,5-8千/月,11月22日
舆情监测编辑,中国人民大学书报资料中心,北京,6-8千/月,11月22日
英语翻译,杭州艾维影视文化传媒有限公司,杭州,6-8千/月,11月22日
教育杂志编辑,上海百花教育培训有限公司,上海,0.6-1.5万/月,11月22日
策划编辑,童趣出版有限公司,北京,6-8千/月,11月22日
项目经理,广州美好前程信息科技有限公司,广州,4.5-6千/月,11月22日
编辑记者,北京国发智慧能源技术研究院,北京,0.8-1万/月,11月22日
美术编辑,北京五洲时代天华文化传媒有限公司,北京,4.5-6千/月,11月22日
责任编辑,上海新概念学生教学研究中心,上海,4.5-6.5千/月,11月22日
思政类、党建类图书编辑,北京大有弘政图书有限公司,北京,6-8千/月,11月22日
编辑,人民东方（广东）教育科技有限公司,广州,4-6千/月,11月22日
图书编辑（具有编辑中级职称）,群言出版社,北京,6-8千/月,11月22日
电商文案,浙江盈科万勤通信技术有限公司,杭州,4-8千/月,11月22日
机械汽车电气类教材编辑,北京大学出版社第六事业部,北京,1-1.5万/月,11月22日
记者,中国劳动保障报社华南记者站,广州,4-8千/月,11月22日
英文编辑,中国汽车要闻 China Business Update,北京,4-6千/月,11月22日
科学编辑,楠西医药科技（杭州）有限公司,广州,4-6千/月,11月22日
频道主编,和讯投捷信息科技（上海）有限公司,上海,1-1.5万/月,11月22日
编辑部主任,《中国教师》杂志社,广州,0.8-1万/月,11月22日
图书封面设计,北京四海华章科技发展有限公司,北京,0.6-1万/月,11月22日
中文编辑,广东大音音像出版社,广州,5-6千/月,11月22日
盆景 植物类 国家一级协会刊物 编辑,中国盆景艺术家协会,北京,6-8千/月,11月22日
杂志编辑、记者,《城市开发》杂志社,北京,0.8-1万/月,11月22日
"英语教材编写顾问 Consultant, ELT",牛津（上海）咨询有限公司,上海,,11月22日
编辑,广州开心教育科技股份有限公司,广州,4.5-5.5千/月,11月22日
财经证券编辑,证券市场红周刊,北京,0.8-1.2万/月,11月22日
营销编辑,北京新东方大愚文化传播有限公司,北京,1-1.5万/月,11月22日
中文编辑,《中国知识产权》杂志,北京,4-6千/月,11月22日
医学编辑(新媒体方向),《中国家庭医生》杂志社有限公司,广州,0.5-1万/月,11月22日
装帧设计师（童书）,北京禹田翰风图书有限责任公司,北京,7-9千/月,11月22日
盐田政法委文案编辑,方程文化传媒（深圳）有限公司,深圳,5-8千/月,11月22日
资深编辑,深圳泓石信息技术有限公司,深圳,0.8-1.2万/月,11月22日
数学编辑包吃住,上海东方激光教育文化有限公司,上海,6-8千/月,11月22日
资深杂志编辑,北京东方美食研究院,北京,0.8-1万/月,11月22日
图书编辑/图书策划,北京国之学文化有限公司,北京,6-8千/月,11月22日
资深新媒体编辑/原创写手,杭州晨雾文化创意有限公司,杭州,0.8-1.2万/月,11月22日
编辑部副主任,广州市京教文化传播有限公司,广州,6-8千/月,11月22日
记者,上海新闻晨报社区传媒有限公司,上海,4.5-6千/月,11月22日
语文编辑,北京科文恒信书业文化有限公司,北京,4.5-6千/月,11月22日
终审编辑,科学出版社职教技术出版中心,北京,6-8千/月,11月22日
图书策划总监,北京时代华语国际传媒股份有限公司,北京,1-2万/月,11月22日
图书网络营销编辑,北京华章图文信息有限公司（机械工业出版社华章公司）,北京,0.8-1万/月,11月22日
Project Assistant,麦克米伦信息咨询服务（上海）有限公司,北京,0.7-1万/月,11月22日
发行主管,东方出版中心有限公司,上海,0.8-1万/月,11月22日
撰稿人,北京台格喻凯科技有限公司,北京,4.5-6千/月,11月22日
图书编辑,北京豪文同典文化发展有限公司,北京,8-10万/年,11月22日
意大利语编辑,北京图灵文化发展有限公司,北京,6-8千/月,11月22日
有声书校听主管,广州市朗声图书有限公司,广州,5-7千/月,11月22日
海外业务专员,广西师范大学出版社（上海）有限公司,上海,1.4-1.6万/月,11月22日
记者,中电传媒股份有限公司广东分公司,广州,4.5-6千/月,11月22日
编辑文案,美狮传媒集团有限公司,上海,6-8千/月,11月22日
新媒体编辑,深圳市艺力文化发展有限公司,深圳,4-6千/月,11月22日
财经记者,国际金融报社,上海,0.8-1.5万/月,11月22日
资深文案策划,深圳市百欣影视文化传媒有限公司,深圳,6-8千/月,11月22日
英语编辑/英文编辑/英语翻译/英文教师/英文选题策划,京珍文化（北京）有限责任公司,北京,0.8-1万/月,11月22日
教育类垂直网站副总编辑,广东省出版集团数字出版有限公司,广州,1-1.3万/月,11月22日
医学编辑,广州标点医药信息股份有限公司,广州,0.6-1万/月,11月22日
图书策划编辑,北京万水电子信息有限公司,北京,4-8千/月,11月22日
营销编辑,果麦文化传媒股份有限公司,上海,0.7-1.2万/月,11月22日
记者,北京弘益文化有限公司,北京,0.8-1万/月,11月22日
编剧,众策文化,杭州,4-8千/月,11月22日
美术编辑,北京二十一世纪环球国际传媒有限公司,北京,10-15万/年,11月22日
调查、人物、特稿记者,北京新京报传媒有限责任公司,北京,1.5-3万/月,11月22日
小红书编辑,上海达氪车网络科技有限公司,上海,6-8千/月,11月22日
总编助理,北教小雨文化传媒（北京）有限公司,北京,4-8千/月,11月22日
红秀Grazia-资深时装编辑,财讯萌达（北京）广告有限公司上海分公司,上海,15-20万/年,11月22日
美编,《中国医疗保险》杂志社,北京,0.6-1万/月,11月22日
漫画主编,上海城市动漫出版传媒有限公司,上海,1-1.2万/月,11月22日
责任编辑,深圳冷暖商情管理咨询有限公司,深圳,0.8-1万/月,11月22日
内容运营合伙人,浙江昊汉网络有限公司,杭州,1.5-2.5万/月,11月22日
网站编辑（双休、福利好、地铁上盖、领导Nice）,广州德禄讯信息科技有限公司,广州,5-8千/月,11月22日
财经记者,融中集团,北京,0.8-1万/月,11月22日
图书策划编辑,北京天下智慧报刊发行有限公司,北京,4-6千/月,11月22日
急聘杂志美术编辑,广州全景国家地理文化发展有限公司,广州,4-5千/月,11月22日
童书编辑/文字编辑/编辑,上海悦悦图书有限公司,上海,0.6-1万/月,11月22日
图书策划编辑,北京力潮时代文化传播有限公司,北京,4.5-6千/月,11月22日
公文写作（某政府单位）,深圳守拙文化传播有限公司,深圳,0.6-1万/月,11月22日
高级记者/采编,上海法轩文化传播有限公司,上海,0.7-1.2万/月,11月22日
南方日报佛山新闻部新媒体编辑,广东南方日报经营有限公司佛山分公司,异地,6-8万/年,11月22日
责任编辑/栏目编辑（诊疗康复）,《医师在线》杂志,广州,0.6-1万/月,11月22日
Content Developer (法律内容产品律师）,励德爱思唯尔信息技术（北京）有限公司,北京,,11月22日
纸媒编辑记者,《教育家》编辑部,北京,0.6-1万/月,11月22日
（五险+双休）采编,杭州聚汽网络技术有限公司,杭州,6-8千/月,11月22日
新媒体内容编辑,上海梵潇网络科技有限公司,上海,0.8-1.2万/月,11月22日
财经资讯编辑,上海鸣应信息技术有限公司,上海,4.5-6千/月,11月22日
高级编辑,中国优质农产品开发服务协会,北京,6-8千/月,11月22日
编辑（文科、财会类）,华夏沃米（北京）教育科技有限公司,北京,5-7千/月,11月22日
医药类编辑校对,北京万德友联信息技术有限公司,北京,6-8千/月,11月22日
主编/新媒体主编,第一手机界研究院,深圳,1-1.5万/月,11月22日
产品总监,湖南澡雪新媒科技有限公司,异地,1-1.5万/月,11月22日
亲子类图书编辑,北京紫图图书有限公司,北京,5-8千/月,11月22日
网站编辑,北京之文明德文化传播有限公司,北京,6-8千/月,11月22日
初级文字编辑,广东幼狮图书发行有限公司,广州,4.5-6千/月,11月22日
助理策划编辑,北京新华先锋出版科技有限公司,北京,4.5-6千/月,11月22日
编辑,易书科技（北京）有限公司,北京,0.6-1万/月,11月22日
《中国工人》杂志编辑,中国工人出版社,北京,0.6-1万/月,11月22日
体育内容经理 Sports Content Manager,上海邮人商务咨询有限公司,上海,1-2万/月,11月22日
医学编辑,万方寰宇（北京）国际科技有限公司,北京,0.8-1.2万/月,11月22日
图书编辑,雅昌文化集团-艺术数据中心,北京,0.6-1万/月,11月22日
英语编辑,中外会展杂志社,北京,5-6.5千/月,11月22日
新媒体编辑（马克思主义、党建政治类方向）,求是网传媒（北京）有限公司,北京,0.8-1万/月,11月22日
少儿图书编辑,武汉市新新图书有限公司,北京,,11月22日
资深平面设计师——家族企业,《中国经营报》社,北京,0.7-1.5万/月,11月22日
网站编辑（汽车专业）,北京亚汽联信息技术有限公司,北京,0.6-1.2万/月,11月22日
新媒体业务主管（新华万维公司）,新华书店总店,北京,0.6-1.2万/月,11月22日
家具/电器记者,政府采购信息网,北京,4-8千/月,11月22日
商务专员,杭州六品文化创意有限公司,杭州,0.7-1.2万/月,11月22日
终审编辑,中南博集天卷文化传媒有限公司,北京,0.7-1万/月,11月22日
儿童文学类图书编辑,中国纺织出版社,北京,15-20万/年,11月22日
理工文字编辑,华东理工大学出版社有限公司,上海,9-10万/年,11月22日
编校中心-文稿编辑,清华大学出版社第六事业部,北京,4.5-6千/月,11月22日
新媒体运营编辑,北京京城新安文化传媒有限公司,北京,6-8千/月,11月22日
Vogue助理艺术总监,上海康泰纳仕广告有限公司,北京,2-3千/月,11月22日
国企出版社-----责任编辑,人民东方（北京）书业有限公司,北京,0.8-1万/月,11月22日
童书主编,北京汇瑞嘉合文化发展有限公司,北京,1.5-2万/月,11月22日
美术编辑,上海炫动传播有限公司,上海,8-10万/年,11月22日
资深记者,雅展展览服务（上海）有限公司,上海,1.3-1.5万/月,11月22日
图书编辑,深圳市阳光三采文化科技有限公司,深圳,6-8千/月,11月22日
成果推广中心编辑及研究助理,社会科学文献出版社,北京,6-8千/月,11月22日
图书印制,上海译文出版社有限公司,上海,5-8千/月,11月22日
绘本/儿童文学编辑,读客文化股份有限公司,上海,0.6-1万/月,11月22日
杂志英文翻译、编辑,广东包装与设计杂志社有限公司,广州,5-6千/月,11月22日
思品编辑,广州华翰文化传播有限公司,广州,4-5万/年,11月22日
中文助理编辑/编辑,香港课室教材出版有限公司广州办事处,广州,4-5.5千/月,11月22日
图书策划编辑,北京文通天下图书有限公司,北京,0.4-2万/月,11月22日
文字编辑,北京天卷博文图书有限责任公司,北京,5-8千/月,11月21日
新媒体编辑/新媒体主管,北京界上传媒投资管理有限公司,北京,6-8千/月,11月21日
儿童图书策划设计总监,上海致远文化传播有限公司,上海,2-2.5万/月,11月21日
审稿编辑,北京金航晨教育科技有限公司,异地,6-8千/月,11月21日
编校中心 审读编辑,华东师范大学出版社有限公司,上海,8-10万/年,11月21日
新媒体运营,佛山市顺德区阳光城市文化广告传媒有限公司,异地,3.4-8千/月,11月21日
财经记者,深圳市时代商家杂志有限公司,深圳,0.5-1万/月,11月21日
电子书编辑,圣才电子书（武汉）有限公司,杭州,4-8千/月,11月21日
记者，采编，文字编辑,杭州大视角文化传播有限公司,杭州,8-10万/年,11月21日
新媒体运营/营销编辑,上海凤凰颐合文化发展有限公司,上海,0.6-1.1万/月,11月21日
图书校对,后浪出版咨询（北京）有限责任公司,北京,4.5-6千/月,11月21日
总编辑,中宣助力（北京）传媒有限公司,北京,1-1.5万/月,11月21日
天地出版社—少儿分社编辑部主任,新华文轩出版传媒股份有限公司,北京,1-1.6万/月,11月21日
美术编辑,广州蓝洋文化传播有限公司,广州,4.5-6千/月,11月21日
高级图书编辑,社源（北京）文化有限公司,北京,0.8-1.1万/月,11月21日
产经新闻部副主任,浙江《青年时报》社,杭州,10-15万/年,11月21日
编辑部主任（包吃住社保福利好）,北京三读典藏图书发行有限公司,北京,6-8千/月,11月21日
ELLE新媒体资深美容编辑,北京赫斯特广告有限公司上海分公司,上海,0.8-1万/月,11月21日
急聘+图书编辑,东方巴别塔（北京）文化传媒有限公司,北京,0.8-1万/月,11月21日
策划编辑（华语原创文学方向）,中信出版集团股份有限公司,上海,0.8-1万/月,11月21日
财经/生活/城市/文化记者,广东新周刊杂志社有限公司,广州,1-2万/月,11月21日
医学编辑,世界图书出版上海有限公司,上海,0.8-1万/月,11月21日
策划编辑,上海立轩文化传播有限公司,上海,10-20万/年,11月21日
财经记者圈主笔,深圳市万合文化传播有限公司,深圳,0.6-1.2万/月,11月21日
教辅图书化学编辑（质管中心）,京版北教文化传媒股份有限公司,北京,4.5-6千/月,11月21日
策划编辑（广州数字出版有限公司）,广州数字出版有限公司,广州,7-8.5千/月,11月21日
编辑、美术编辑、纪检监察员,广州出版社有限公司,广州,3.5-6千/月,11月21日
医学编辑,上海医米信息技术有限公司,上海,0.8-1.5万/月,11月21日
图书文字编辑（历史、儿童、科普、艺术、文学）,联合天际（北京）文化传媒有限公司,北京,5-8千/月,11月21日
编辑记者,深圳前瞻资讯股份有限公司,深圳,0.6-1.2万/月,11月21日
撰稿编辑（人文社科方向）,上海智读汇文化传播有限公司,上海,6-8千/月,11月21日
版权经理,凤凰阿歇特文化发展（北京）有限公司,北京,0.8-1万/月,11月21日
新媒体编辑,复兴新华新媒体科技（北京）有限公司,北京,4.5-7千/月,11月21日
文案编辑,杭州日报报业集团盛元印务有限公司,杭州,6-8千/月,11月21日
英日语教材编辑,广州东兴教育科技有限公司,广州,6-8千/月,11月21日
中国医院院长-记者,卓信医学传媒集团,北京,0.8-1万/月,11月21日
编辑校对,上海盛尚文化传播有限公司,上海,5-8千/月,11月21日
学前教育研究院北京分院-研究员,南京康轩文教图书有限公司,北京,0.6-1万/月,11月21日
文科编辑（历史）/历史老师/历史教师,广东易百分文化传媒有限公司,广州,4-7千/月,11月21日
编辑,中国新闻社浙江分社,杭州,4.5-6千/月,11月21日
编辑,北京闪联传媒技术有限公司,北京,0.5-1.2万/月,11月21日
图书编辑,北京江右天地文化传播有限公司,北京,5-7千/月,11月20日
生物编辑,广东智慧教育文化传媒有限公司,广州,4.5-6千/月,11月20日
新媒体编辑,北京顺意人网络科技有限公司,北京,4.5-6千/月,11月20日
新媒体编辑（呼吸领域）,中国医学论坛报社,北京,0.8-1.2万/月,11月20日
图书/文字编辑,汇智光华（北京）文化传媒股份有限公司,北京,4.5-6千/月,11月20日
一对一语文教师,广州新东方学校,广州,0.8-1万/月,11月20日
儿童文学编辑,北京启发世纪图书有限责任公司,北京,6-8千/月,11月20日
原创图书编辑,广州天闻角川动漫有限公司,广州,9-11万/年,11月20日
美术编辑,科学技术文献出版社,北京,4.5-6千/月,11月20日
新媒体运营,北京京师普教文化传媒有限公司,北京,6-8千/月,11月20日
编辑,广东南方法治报有限公司,广州,6-8千/月,11月20日
网球天地杂志编辑,中国体育报业总社,北京,5-7千/月,11月20日
助理记者（实习生）,《公益时报》社,北京,3-4.5千/月,11月20日
营销编辑,机械工业信息研究院（机械工业出版社）,北京,6-8千/月,11月20日
营销编辑（少儿类）,北京白马时光文化发展有限公司,北京,6-8千/月,11月20日
医学编辑（新媒体方向）,北京康迅医药信息咨询中心,北京,6-8千/月,11月20日
图书文字编辑（北京）,广东太阳花书业发展有限公司,异地,0.6-1万/月,11月20日
商业周刊中文版-版权编辑（翻译）,现代传播（珠海）科技有限公司北京分公司,北京,1-1.5万/月,11月20日
编辑、记者,中国交通报社,北京,10-15万/年,11月20日
记者 编辑,中国图象图形学学会培训中心,北京,0.6-1万/月,11月20日
古典音乐/民乐编辑,上海新榄网络科技有限公司,上海,0.5-1万/月,11月20日
资源经理-期刊收集（000685）,北京万方数据股份有限公司,北京,4.5-6千/月,11月19日
英语翻译项目经理,上海因诺翻译有限公司,上海,1-1.5万/月,11月19日
编务,接力出版社,北京,6-8万/年,11月19日
营销编辑,北京巴亚桥文化咨询有限公司,北京,1-2万/月,11月19日
医学文字编辑,中科数字出版传媒有限公司,北京,1-1.3万/月,11月19日
（低幼中心）市场发行员,中国少年儿童新闻出版总社,北京,0.8-1万/月,11月19日
记者,《民主与法制》社,北京,0.5-1.5万/月,11月19日
英文图书编辑,北京正清文化艺术有限责任公司,北京,6-8千/月,11月19日
总编室文员,北京荣德基教育科技有限公司,北京,4-6千/月,11月19日
编辑,上海科富广告有限公司,上海,6-8千/月,11月19日
编辑部主任,浙江《山海经》杂志社有限公司,杭州,6-8千/月,11月19日
新媒体编辑,杭州云梯科技有限公司,杭州,4-8千/月,11月19日
实习编辑,杭州孟建平图书有限公司,杭州,2-3千/月,11月19日
有声编辑岗,中国盲文出版社,北京,3-6千/月,11月19日
文字编辑,中国铁道学会,北京,5.5-8千/月,11月19日
新闻编采岗位编辑记者,中国税务报社,北京,0.8-1万/月,11月19日
新媒体编辑,北京轩银瑞华文化传播有限公司,北京,6-8千/月,11月18日
英语编辑主管,北京知行健教育咨询有限公司,北京,1-1.5万/月,11月18日
新媒体英文编辑,北京振宇锐智国际文化有限公司,北京,5.5-8千/月,11月17日
图书编辑,民主与建设出版社有限责任公司,北京,4.5-6千/月,11月17日
美编,齐鲁名盛（北京）文化传媒有限公司,北京,6-8千/月,11月17日
网站编辑,北京食悟新媒体技术有限公司,北京,0.5-1万/月,11月17日
新媒体运营（内容运营）,广州市开曼信息科技有限公司,广州,3-4.5千/月,11月17日
日文编辑,达芙妮（上海）影视传媒有限公司,上海,4.5-6千/月,11月16日
新媒体运营编辑,南方都市报,深圳,0.8-1.6万/月,11月16日
渠道专员（新华互联）,新华书店总店,北京,6-8千/月,11月16日
艺术生活类图书策划编辑,天津凤凰空间文化传媒有限公司,广州,6-8千/月,11月16日
高级采编,广州九方马企业管理顾问有限公司,广州,0.6-1.5万/月,11月16日
社科编辑,北京华育新世纪文化发展有限公司,北京,4.5-6千/月,11月16日
图书发行,研究出版社·新时代研究出版创新中心,北京,0.5-1万/月,11月16日
书法编辑,北京江美长风文化传播有限公司,北京,8-10万/年,11月16日
编务,商务印书馆（成都）有限责任公司,北京,3-4.5千/月,11月16日
少儿图书编辑,北京世纪悦然文化传播有限公司,北京,0.5-1万/月,11月16日
图书编辑,北京紫云文心图书有限公司,北京,4-6千/月,11月16日
文字编辑,星港资讯（深圳）有限公司,深圳,3-4.5千/月,11月16日
采编人员,广东安全生产杂志社,广州,6-8千/月,11月16日
编辑记者,《糖尿病天地》杂志社,北京,6-8千/月,11月16日
舆情分析师,北京中青在线网络信息技术有限公司,北京,6-8千/月,11月15日
责任编辑,广州浩瀚资讯传播有限公司,广州,4.5-6千/月,11月15日
新闻采编专员,杭州今日大江东传媒有限公司,杭州,6-8千/月,11月15日
编辑实习生,北京奇想国文化发展有限公司,北京,1.5-2千/月,11月15日
营销编辑,挚文文化传播（上海）有限公司,上海,0.6-1万/月,11月15日
中小学语文编辑,北京金钟书文化传媒有限公司,北京,6-8千/月,11月15日
英语编辑,外研众望教育科技（北京）有限公司,北京,6-8千/月,11月15日
文字编辑,广州中学生报传媒有限公司,广州,4.5-6千/月,11月15日
历史编辑,北京历史图典文化发展中心,北京,6-8千/月,11月14日
新媒体编辑,广东羊城晚报数字媒体有限公司,广州,4.5-6千/月,11月14日
杂志编辑,上海哲美商务咨询有限公司,上海,1-1.5万/月,11月14日
新媒体编辑,北京森喵文化传媒有限公司,北京,0.8-2万/月,11月14日
网络文学高级编辑（中级出版资格证书）,杭州掌读科技有限公司,杭州,10-15万/年,11月14日
图书编辑,广东新世纪出版社,广州,8-10万/年,11月13日
记者（21世纪经济报道汽车版）,21世纪报系,上海,0.8-1.5万/月,11月13日
产经部医药频道编辑,中经网传媒有限公司,北京,6-8千/月,11月13日
2018年接收毕业生——编辑、记者,中国新闻出版传媒集团有限公司,北京,4.5-6千/月,11月13日
英语编辑校对,浙江志明教育图书有限公司,杭州,3-4.5千/月,11月13日
新媒体编辑,北京《瑞丽》杂志社,北京,0.8-1万/月,11月13日
文案策划,华韵文化科技有限公司,北京,6-8千/月,11月13日
英语图书编辑,广州华研文化传播有限公司,广州,4-8千/月,11月12日
活动策划、文案,广州市生旭教育咨询有限公司,广州,6-8千/月,11月12日
编辑记者,《证券日报》社,北京,0.8-1万/月,11月12日
记者采编（急聘）,上海天华广告传播有限公司,上海,6-8千/月,11月12日
营销编辑（新媒体方向）,上海上谊贸易有限公司,上海,6-8千/月,11月11日
责任编辑,上海柯尼广告传媒有限公司,上海,4-8千/月,11月11日
少儿资深编辑,浙江省期刊总社有限公司,杭州,8-10万/年,11月10日
策划编辑,北京名医世纪文化传媒有限公司,北京,0.8-1万/月,11月10日
编辑记者,零售世界杂志,北京,6-8千/月,11月9日
特稿记者,浙江天下网商网络传媒有限公司,杭州,20-30万/年,11月9日
编辑助理,《中国医药导报》杂志社,北京,4.5-6千/月,11月9日
高级编辑,《汽车纵横》杂志社有限公司,北京,0.8-1万/月,11月9日
儿童图书美术编辑,北京文鳐文化传播有限责任公司,北京,0.8-1.2万/月,11月9日
初中部业务专员,二十一世纪学生英文报,上海,6-8千/月,11月8日
副社长,《中国校外教育》杂志社有限公司,北京,0.7-1万/月,11月8日
总经理助理,上海沪动图书有限公司,上海,6-8千/月,11月8日
编辑兼策划,广州市美琳达广告有限公司,广州,6-8千/月,11月7日
编辑记者,《高尔夫旅行》杂志,北京,0.8-1万/月,11月7日
美编,北京嘉车文化传媒有限公司,北京,4.5-6千/月,11月7日
内容编辑,北京六智信息技术股份有限公司,北京,5-7千/月,11月6日
急聘+手绘板儿童插画师+包住宿,北京汉图文化传媒有限公司,北京,3-8千/月,11月6日
资深文案,北京科技报社,北京,0.8-1万/月,11月6日
有经验的图书编辑,北京昌昱春博大文化有限公司,北京,3-4.5千/月,11月6日
编辑,《中国企业报》股份有限公司,北京,4.5-6千/月,11月6日
财经频道记者,《上海日报》社,上海,4.5-6千/月,11月5日
医学杂志编辑,布克（北京）文化传播有限公司,北京,0.7-1.2万/月,11月5日
语文科参考书编辑,深圳市尚进教育培训有限公司,深圳,4.5-6千/月,11月5日
图书编辑（非法学专业勿投）,中国政法大学出版社有限责任公司,北京,4.5-6千/月,11月5日
新媒体编辑、记者,《国资报告》、《能源》杂志社,北京,6-8千/月,11月5日
新媒体编辑,上海晨昕文化传媒有限公司,上海,6-8千/月,11月4日
编辑,《土木工程学报》杂志社有限公司,北京,4.5-6千/月,11月2日
期刊出版编辑,《中国激光》杂志社有限公司,上海,6-8千/月,11月2日
资深编辑,上海锐邦文化传播有限公司,上海,1-1.5万/月,11月2日
内容研发与教学,上海苗叶花果教育科技有限公司,上海,0.8-1.8万/月,11月2日
编辑总监,上海指道教育科技有限公司,上海,1-1.5万/月,11月1日
编辑主管,广州智健传媒科技有限公司,广州,0.8-1.5万/月,11月1日
资深编辑,新寰（上海）企业管理咨询有限公司,上海,6-8千/月,11月1日
渠道运营专员,人民东方出版传媒有限公司,北京,6-9千/月,10月31日
资深编辑,鼹鼠世界（北京）信息科技有限责任公司,北京,1-1.5万/月,10月31日
杂志编辑,北京海畴文化传媒有限公司,北京,6-8千/月,10月31日
图文编辑,旺旺中时文化传媒（北京）有限公司,北京,5-6.5千/月,10月30日
编务,北京弗布克管理咨询有限公司,北京,5-9千/月,10月30日
记者,《宝藏》杂志有限责任公司,北京,0.8-1万/月,10月27日
英文编辑,北京学研汇智网络科技有限公司,北京,4.5-6千/月,10月27日
高级编辑,广东红餐文化传播有限公司,广州,0.8-1万/月,10月27日
策划编辑,《劳动保护》杂志社,北京,4.5-6千/月,10月26日
政治学科编辑/质检员,北京世纪鼎尖教育图书有限公司,北京,4.5-6千/月,10月26日
策划编辑,中国致公出版社,北京,0.8-1万/月,10月26日
图书发行区域经理(适应出差、常驻）,北京若愚文化发展有限公司,北京,15-20万/年,10月26日
医学编辑,人民卫生电子音像出版社有限公司,北京,0.7-1.5万/月,10月26日
科技网站新媒体编辑/记者,北京普瑞杰特信息技术有限公司,北京,6-8千/月,10月26日
文案/撰稿/编辑,解放军音像出版社,北京,0.3-1万/月,10月25日
新媒体运营专员,北京世纪高教图书有限公司,北京,6-8千/月,10月24日
出版合作专员,北京磨铁图书有限公司,北京,3-4千/月,10月23日
内容编辑（知识付费）,北京湛庐文化传播有限公司,北京,0.8-1.4万/月,11月22日
文字编辑,北京湛庐文化传播有限公司,北京,5-8千/月,11月22日
复审编辑,北京湛庐文化传播有限公司,北京,0.6-1.1万/月,11月22日
营销编辑,北京湛庐文化传播有限公司,北京,0.6-1万/月,11月22日
心理学图书编辑（策划/文字）,北京湛庐文化传播有限公司,北京,0.6-1万/月,11月22日
新媒体编辑(代集团高校教材出版公司招聘）,广州美好前程信息科技有限公司,广州,4.5-6千/月,11月22日
语文策划编辑,北京五洲时代天华文化传媒有限公司,北京,6-8千/月,11月22日
学科编辑-语文,北京五洲时代天华文化传媒有限公司,北京,4-8千/月,11月22日
数学策划编辑,北京五洲时代天华文化传媒有限公司,北京,6-8千/月,11月22日
数学编辑,北京五洲时代天华文化传媒有限公司,北京,4.5-6千/月,11月22日
担当文字编辑,上海新概念学生教学研究中心,上海,4.5-6.5千/月,11月22日
图书编辑,北京大有弘政图书有限公司,北京,6-8千/月,11月22日
编辑部主任（具有副编审职称）,群言出版社,北京,0.8-1万/月,11月22日
经济管理类教材编辑,北京大学出版社第六事业部,北京,1-1.5万/月,11月22日
儿童读物编辑,广东大音音像出版社,广州,5-6千/月,11月22日
编辑兼秘书处秘书,中国盆景艺术家协会,北京,6-8千/月,11月22日
盆景杂志 文编 编辑 五险一金,中国盆景艺术家协会,北京,4.5-6千/月,11月22日
中国盆景赏石编辑,中国盆景艺术家协会,北京,4.5-6千/月,11月22日
文案策划（侧重公文写作）,深圳市千山叶广告有限公司,深圳,5-7千/月,11月22日
杂志文字编辑,《城市开发》杂志社,北京,6-8千/月,11月22日
"Assistant Consultant/In-house Writer, ELT",牛津（上海）咨询有限公司,上海,,11月22日
证券市场报道记者,证券市场红周刊,北京,6-8千/月,11月22日
英文编辑实习生,《中国知识产权》杂志,北京,3.5-5千/月,11月22日
英文编辑,《中国知识产权》杂志,北京,6-8千/月,11月22日
新媒体编辑,《中国知识产权》杂志,北京,4.5-6千/月,11月22日
美术编辑,《中国知识产权》杂志,北京,5-7千/月,11月22日
国际销售,《中国知识产权》杂志,北京,4.5-6千/月,11月22日
国际市场专员,《中国知识产权》杂志,北京,4.5-6千/月,11月22日
美术编辑,《中国知识产权》杂志,北京,5-7千/月,11月22日
国际销售,《中国知识产权》杂志,北京,4.5-6千/月,11月22日
英文编辑,《中国知识产权》杂志,北京,6-8千/月,11月22日
国际市场专员,《中国知识产权》杂志,北京,4.5-6千/月,11月22日
英文编辑实习生,《中国知识产权》杂志,北京,3.5-5千/月,11月22日
新媒体编辑,《中国知识产权》杂志,北京,4.5-6千/月,11月22日
中文编辑,《中国知识产权》杂志,北京,4-6千/月,11月22日
记者（编辑部）,《中国家庭医生》杂志社有限公司,广州,0.6-1万/月,11月22日
编辑部运营总监助理,北京禹田翰风图书有限责任公司,北京,0.8-1万/月,11月22日
童书编辑,北京禹田翰风图书有限责任公司,北京,0.6-1万/月,11月22日
历史编辑包食宿,上海东方激光教育文化有限公司,上海,6-8千/月,11月22日
政治编辑 包食宿,上海东方激光教育文化有限公司,上海,6-8千/月,11月22日
（大望路高薪）编辑主管,北京东方美食研究院,北京,0.8-1.5万/月,11月22日
学科类编辑,上海东方激光教育文化有限公司,上海,6-8千/月,11月22日
文案策划/公众号编辑,杭州晨雾文化创意有限公司,杭州,4-6千/月,11月22日
项目经理,科学出版社职教技术出版中心,北京,0.8-1万/月,11月22日
数字项目经理,科学出版社职教技术出版中心,北京,0.8-1万/月,11月22日
学前教育营销编辑,科学出版社职教技术出版中心,北京,15-20万/年,11月22日
电子信息策划编辑,科学出版社职教技术出版中心,北京,15-20万/年,11月22日
建筑策划编辑,科学出版社职教技术出版中心,北京,6-8千/月,11月22日
中职策划编辑,科学出版社职教技术出版中心,北京,15-20万/年,11月22日
专著策划编辑,科学出版社职教技术出版中心,北京,10-15万/年,11月22日
加工编辑,科学出版社职教技术出版中心,北京,6-8千/月,11月22日
策划编辑（汽车专业类）,科学出版社职教技术出版中心,北京,1-1.5万/月,11月22日
机械类高职策划编辑,科学出版社职教技术出版中心,北京,15-20万/年,11月22日
骨干策划编辑,科学出版社职教技术出版中心,北京,15-20万/年,11月22日
计算机类策划编辑,科学出版社职教技术出版中心,北京,15-20万/年,11月22日
发行业务经理,科学出版社职教技术出版中心,北京,10-15万/年,11月22日
经管策划编辑,科学出版社职教技术出版中心,北京,15-20万/年,11月22日
编务,科学出版社职教技术出版中心,北京,4.5-6千/月,11月22日
发行助理,科学出版社职教技术出版中心,北京,4.5-6千/月,11月22日
专著策划编辑（计算机）,科学出版社职教技术出版中心,北京,0.8-1万/月,11月22日
电子信息分社策划编辑,科学出版社职教技术出版中心,北京,15-20万/年,11月22日
图书策划编辑,北京时代华语国际传媒股份有限公司,北京,0.6-1万/月,11月22日
营销编辑/营销推广,北京时代华语国际传媒股份有限公司,北京,5-8千/月,11月22日
心理学图书编辑,北京华章图文信息有限公司（机械工业出版社华章公司）,北京,5-8千/月,11月22日
经管图书策划编辑（财会教材方向）,北京华章图文信息有限公司（机械工业出版社华章公司）,北京,0.8-1万/月,11月22日
计算机图书策划编辑（专业本版）,北京华章图文信息有限公司（机械工业出版社华章公司）,北京,0.8-1万/月,11月22日
Publishing Assistant,麦克米伦信息咨询服务（上海）有限公司,上海,0.8-1万/月,11月22日
新媒体编辑,东方出版中心有限公司,上海,0.8-1万/月,11月22日
融合出版图书编辑,东方出版中心有限公司,上海,0.8-1万/月,11月22日
印制,东方出版中心有限公司,上海,0.8-1万/月,11月22日
校对,东方出版中心有限公司,上海,0.8-1万/月,11月22日
图书装帧高级设计师,东方出版中心有限公司,上海,0.8-1万/月,11月22日
文案编辑,方程文化传媒（深圳）有限公司,深圳,5-8千/月,11月22日
杂志编辑,北京台格喻凯科技有限公司,北京,6-8千/月,11月22日
文字编辑,北京豪文同典文化发展有限公司,北京,6-8万/年,11月22日
文字编辑,北京豪文同典文化发展有限公司,北京,6-8万/年,11月22日
文字编辑,北京豪文同典文化发展有限公司,北京,6-8万/年,11月22日
内容编辑,北京豪文同典文化发展有限公司,北京,6-8万/年,11月22日
文字编辑,北京豪文同典文化发展有限公司,北京,6-8万/年,11月22日
计算机图书助理策划编辑（执行编辑）,北京图灵文化发展有限公司,北京,4.5-6千/月,11月22日
日语文字编辑,北京图灵文化发展有限公司,北京,6-8千/月,11月22日
计算机图书策划编辑,北京图灵文化发展有限公司,北京,0.8-1万/月,11月22日
高级审稿编辑,北京图灵文化发展有限公司,北京,0.8-1万/月,11月22日
英语编辑,北京图灵文化发展有限公司,北京,6-8千/月,11月22日
英文图书编辑,深圳市艺力文化发展有限公司,深圳,4-7千/月,11月22日
记者采编（法制日报深圳记者站）,方程文化传媒（深圳）有限公司,深圳,5-8千/月,11月22日
文案策划/编辑策划（双休、地铁直达）,方程文化传媒（深圳）有限公司,深圳,5-8千/月,11月22日
幼儿教师/幼儿编辑/少儿编辑/少儿图书策化/少儿撰稿,京珍文化（北京）有限责任公司,北京,0.8-1万/月,11月22日
质检编辑,广东省出版集团数字出版有限公司,广州,4-8千/月,11月22日
审读总监,广东省出版集团数字出版有限公司,广州,0.8-1.2万/月,11月22日
版权编辑,广东省出版集团数字出版有限公司,广州,4-8千/月,11月22日
《医药经济报》编辑部主任,广州标点医药信息股份有限公司,广州,0.8-1.2万/月,11月22日
发行编辑,广州标点医药信息股份有限公司,广州,7-10万/年,11月22日
副总编/总编助理,广州标点医药信息股份有限公司,广州,1-1.5万/月,11月22日
记者（上海）,广州标点医药信息股份有限公司,异地,0.8-1.2万/月,11月22日
微信运营采编,广州标点医药信息股份有限公司,广州,5-8千/月,11月22日
记者（北京）,广州标点医药信息股份有限公司,异地,0.4-1万/月,11月22日
图书加工编辑,北京万水电子信息有限公司,北京,3-5千/月,11月22日
资深编辑,果麦文化传媒股份有限公司,北京,1-1.5万/月,11月22日
资深产品经理/资深编辑,果麦文化传媒股份有限公司,上海,1-1.5万/月,11月22日
图书编辑,北京弘益文化有限公司,北京,1.5-2万/月,11月22日
新媒体编辑,北京弘益文化有限公司,北京,0.8-1万/月,11月22日
童书资深主编,北京二十一世纪环球国际传媒有限公司,北京,20-30万/年,11月22日
低幼童书编辑,北京二十一世纪环球国际传媒有限公司,北京,15-20万/年,11月22日
印制专员,北教小雨文化传媒（北京）有限公司,北京,5-6千/月,11月22日
美编/平面设计,北教小雨文化传媒（北京）有限公司,北京,1-1.5万/月,11月22日
（低幼）文字编辑,北教小雨文化传媒（北京）有限公司,北京,4-8千/月,11月22日
少儿、小学编辑,北教小雨文化传媒（北京）有限公司,北京,4-8千/月,11月22日
审稿编辑,北教小雨文化传媒（北京）有限公司,北京,4-8千/月,11月22日
中学编辑,北教小雨文化传媒（北京）有限公司,北京,4-8千/月,11月22日
编辑,《中国医疗保险》杂志社,北京,0.8-1万/月,11月22日
中级编辑,《中国医疗保险》杂志社,北京,0.8-1万/月,11月22日
助理编辑,《中国医疗保险》杂志社,北京,6-8千/月,11月22日
内容编辑/新媒体内容运营,浙江昊汉网络有限公司,杭州,0.5-1万/月,11月22日
财经主编,融中集团,北京,1-1.5万/月,11月22日
新媒体运营总监,融中集团,北京,1-1.5万/月,11月22日
高级记者,融中集团,北京,0.8-1万/月,11月22日
英语编辑,北京天下智慧报刊发行有限公司,北京,5-7千/月,11月22日
图书编辑,广州全景国家地理文化发展有限公司,广州,6-8千/月,11月22日
资深编辑,广州全景国家地理文化发展有限公司,广州,1-1.5万/月,11月22日
新媒体运营（文案）,广州全景国家地理文化发展有限公司,广州,6-8千/月,11月22日
文字编辑,广州全景国家地理文化发展有限公司,广州,6-8千/月,11月22日
美术设计师/美术编辑,上海悦悦图书有限公司,上海,0.6-1万/月,11月22日
策划编辑,上海悦悦图书有限公司,上海,0.6-1万/月,11月22日
电子阅读版权运营,北京力潮时代文化传播有限公司,北京,6-8千/月,11月22日
自媒体运营编辑,深圳守拙文化传播有限公司,深圳,6-8千/月,11月22日
高级记者/编辑,上海法轩文化传播有限公司,上海,0.6-1.5万/月,11月22日
南方日报佛山新闻部研究助理,广东南方日报经营有限公司佛山分公司,异地,10-15万/年,11月22日
医学编辑,《医师在线》杂志,广州,0.6-1万/月,11月22日
新媒体编辑,北京东方美食研究院,北京,6-8千/月,11月22日
LEGAL WRITER - BEIJING,励德爱思唯尔信息技术（北京）有限公司,北京,1.5千以下/月,11月22日
LEGAL EDITOR,励德爱思唯尔信息技术（北京）有限公司,北京,,11月22日
法律编辑（招法学应届生）,励德爱思唯尔信息技术（北京）有限公司,北京,,11月22日
新闻编辑记者,《教育家》编辑部,北京,0.6-1万/月,11月22日
杂志社编辑记者,《教育家》编辑部,北京,0.6-1万/月,11月22日
记者/编辑,《教育家》编辑部,北京,0.8-1万/月,11月22日
(双休+五险+高薪）新媒体 主编,杭州聚汽网络技术有限公司,杭州,0.8-1万/月,11月22日
新媒体运营经理,杭州聚汽网络技术有限公司,杭州,0.8-1万/月,11月22日
原创财经内容编辑-环球老虎财经,上海鸣应信息技术有限公司,上海,1-2万/月,11月22日
初级财经编辑-环球老虎财经,上海鸣应信息技术有限公司,上海,5-8千/月,11月22日
财经编辑-环球老虎财经,上海鸣应信息技术有限公司,上海,6-8千/月,11月22日
文字编辑/图书编辑（急聘）,广州开心教育科技股份有限公司,广州,4.5-5千/月,11月22日
记者,中国优质农产品开发服务协会,北京,6-8千/月,11月22日
资源编辑,华夏沃米（北京）教育科技有限公司,北京,5-7千/月,11月22日
药学编辑,华夏沃米（北京）教育科技有限公司,北京,5-7千/月,11月22日
产品总监,湖南澡雪新媒科技有限公司,异地,1-1.5万/月,11月22日
产品总监,湖南澡雪新媒科技有限公司,异地,1-1.5万/月,11月22日
编辑主任,北京紫图图书有限公司,北京,1-1.5万/月,11月22日
编辑总监,北京紫图图书有限公司,北京,1.5-2万/月,11月22日
高级图书产品经理,北京紫图图书有限公司,北京,0.8-1万/月,11月22日
版权经理,北京紫图图书有限公司,北京,6-8千/月,11月22日
副主编（双休、福利好、地铁上盖、领导Nice）,广州德禄讯信息科技有限公司,广州,0.6-1万/月,11月22日
英文童书策划编辑,北京新东方大愚文化传播有限公司,北京,1-1.5万/月,11月22日
中文童书策划编辑,北京新东方大愚文化传播有限公司,北京,1-1.5万/月,11月22日
中文童书策划编辑,北京新东方大愚文化传播有限公司,北京,1-2万/月,11月22日
英文图书策划编辑,北京新东方大愚文化传播有限公司,北京,1-1.5万/月,11月22日
中文图书策划编辑,北京新东方大愚文化传播有限公司,北京,1-1.5万/月,11月22日
英文图书策划编辑,北京新东方大愚文化传播有限公司,北京,1-1.5万/月,11月22日
英文图书策划编辑,北京新东方大愚文化传播有限公司,北京,1-1.5万/月,11月22日
资深英文图书策划编辑,北京新东方大愚文化传播有限公司,北京,1.5-2万/月,11月22日
资深英文图书策划编辑,北京新东方大愚文化传播有限公司,北京,1.5-2万/月,11月22日
资深中文图书策划编辑,北京新东方大愚文化传播有限公司,北京,1.5-2万/月,11月22日
资深数学图书策划编辑,北京新东方大愚文化传播有限公司,北京,1.5-2万/月,11月22日
数学童书编辑（少儿）,北京新东方大愚文化传播有限公司,北京,1-1.5万/月,11月22日
中文童书策划编辑（少儿）,北京新东方大愚文化传播有限公司,北京,1-1.5万/月,11月22日
英文童书编辑（少儿）,北京新东方大愚文化传播有限公司,北京,1-1.5万/月,11月22日
数学童书编辑（幼儿）,北京新东方大愚文化传播有限公司,北京,0.8-1万/月,11月22日
英文图书编辑（少儿）,北京新东方大愚文化传播有限公司,北京,0.8-1万/月,11月22日
英文童书策划编辑（少儿）,北京新东方大愚文化传播有限公司,北京,0.8-1万/月,11月22日
英文图书策划编辑（少儿）,北京新东方大愚文化传播有限公司,北京,0.8-1万/月,11月22日
数学童书策划编辑（少儿）,北京新东方大愚文化传播有限公司,北京,0.8-1万/月,11月22日
数学图书策划编辑（幼教）,北京新东方大愚文化传播有限公司,北京,0.8-1万/月,11月22日
英文图书策划编辑（K12）,北京新东方大愚文化传播有限公司,北京,0.8-1万/月,11月22日
数学图书策划编辑（K12）,北京新东方大愚文化传播有限公司,北京,0.8-1万/月,11月22日
图书版权经理,北京新东方大愚文化传播有限公司,北京,1-2万/月,11月22日
图书版权经理,北京新东方大愚文化传播有限公司,北京,1-2万/月,11月22日
资深中文图书策划编辑（童书）,北京新东方大愚文化传播有限公司,北京,1.5-2万/月,11月22日
资深数学童书策划编辑,北京新东方大愚文化传播有限公司,北京,1.5-2万/月,11月22日
资深英文童书策划编辑,北京新东方大愚文化传播有限公司,北京,1.5-2万/月,11月22日
资深英文童书策划编辑,北京新东方大愚文化传播有限公司,北京,1.5-2万/月,11月22日
资深中文童书策划编辑,北京新东方大愚文化传播有限公司,北京,1.5-2万/月,11月22日
数学图书策划编辑,北京新东方大愚文化传播有限公司,北京,1-1.5万/月,11月22日
英文图书编辑,北京新东方大愚文化传播有限公司,北京,0.8-1.2万/月,11月22日
数学童书编辑,北京新东方大愚文化传播有限公司,北京,0.8-1万/月,11月22日
中文童书策划编辑,北京新东方大愚文化传播有限公司,北京,1.5-2万/月,11月22日
童书编辑,北京新东方大愚文化传播有限公司,北京,0.8-1万/月,11月22日
数学童书策划编辑,北京新东方大愚文化传播有限公司,北京,1-1.5万/月,11月22日
资深英文童书策划编辑,北京新东方大愚文化传播有限公司,北京,1.5-2万/月,11月22日
资深数学童书策划编辑,北京新东方大愚文化传播有限公司,北京,1.5-2万/月,11月22日
资深英文童书策划编辑,北京新东方大愚文化传播有限公司,北京,1.5-2万/月,11月22日
英文图书编辑,北京新东方大愚文化传播有限公司,北京,0.8-1万/月,11月22日
中文童书编辑,北京新东方大愚文化传播有限公司,北京,0.8-1万/月,11月22日
资深英文图书策划编辑,北京新东方大愚文化传播有限公司,北京,1.5-2万/月,11月22日
资深英文图书策划编辑,北京新东方大愚文化传播有限公司,北京,1.5-2万/月,11月22日
中文图书编辑,北京新东方大愚文化传播有限公司,北京,0.8-1万/月,11月22日
数学童书策划编辑,北京新东方大愚文化传播有限公司,北京,1-1.5万/月,11月22日
物理编辑,北京新东方大愚文化传播有限公司,北京,0.8-1.5万/月,11月22日
营销编辑（图书）,北京新东方大愚文化传播有限公司,北京,0.8-1.5万/月,11月22日
渠道发行经理,北京新东方大愚文化传播有限公司,北京,1-1.5万/月,11月22日
英文编辑,北京新东方大愚文化传播有限公司,北京,0.8-1万/月,11月22日
物理编辑,北京新东方大愚文化传播有限公司,北京,0.8-1万/月,11月22日
英文图书编辑,北京新东方大愚文化传播有限公司,北京,0.8-1.2万/月,11月22日
英文图书编辑,北京新东方大愚文化传播有限公司,北京,0.8-1.2万/月,11月22日
物理编辑,北京新东方大愚文化传播有限公司,北京,0.8-1万/月,11月22日
资深数学图书策划编辑,北京新东方大愚文化传播有限公司,北京,1.5-2万/月,11月22日
英文图书策划编辑,北京新东方大愚文化传播有限公司,北京,1.5-2万/月,11月22日
图书版权经理,北京新东方大愚文化传播有限公司,北京,1-1.5万/月,11月22日
图书版权经理,北京新东方大愚文化传播有限公司,北京,1-1.5万/月,11月22日
理科图书编辑（数学/物理）,北京新东方大愚文化传播有限公司,北京,1-1.5万/月,11月22日
英文图书编辑,北京新东方大愚文化传播有限公司,北京,0.8-1万/月,11月22日
英文图书编辑,北京新东方大愚文化传播有限公司,北京,0.8-1万/月,11月22日
图书版权经理,北京新东方大愚文化传播有限公司,北京,1-1.5万/月,11月22日
图书版权经理（少儿图书）,北京新东方大愚文化传播有限公司,北京,1-1.5万/月,11月22日
英文编辑,北京新东方大愚文化传播有限公司,北京,0.8-1.5万/月,11月22日
英文图书编辑,北京新东方大愚文化传播有限公司,北京,0.8-1.5万/月,11月22日
图书版权经理,北京新东方大愚文化传播有限公司,北京,1-1.5万/月,11月22日
图书版权经理,北京新东方大愚文化传播有限公司,北京,1-1.5万/月,11月22日
图书版权经理（少儿图书）,北京新东方大愚文化传播有限公司,北京,1-1.5万/月,11月22日
数学图书策划编辑（少儿童书）,北京新东方大愚文化传播有限公司,北京,1-1.5万/月,11月22日
资深中文图书策划编辑（少儿）,北京新东方大愚文化传播有限公司,北京,1.5-2万/月,11月22日
资深英文图书策划编辑,北京新东方大愚文化传播有限公司,北京,1.5-2万/月,11月22日
渠道发行经理（少儿图书）,北京新东方大愚文化传播有限公司,北京,1-1.5万/月,11月22日
文字编辑,北京新华先锋出版科技有限公司,北京,5-8千/月,11月22日
版权编辑,北京新华先锋出版科技有限公司,北京,0.5-1万/月,11月22日
策划编辑,北京新华先锋出版科技有限公司,北京,0.6-1.2万/月,11月22日
营销编辑,北京新华先锋出版科技有限公司,北京,0.6-1万/月,11月22日
少儿编辑,易书科技（北京）有限公司,北京,0.6-1万/月,11月22日
《中国工人》杂志记者,中国工人出版社,北京,0.6-1万/月,11月22日
《中国工会年鉴》文案编辑,中国工人出版社,北京,0.6-1万/月,11月22日
《中国工人》杂志运营总监,中国工人出版社,北京,0.6-1万/月,11月22日
社科文艺分社编辑,中国工人出版社,北京,0.8-1.3万/月,11月22日
中医编辑(新媒体方向),《中国家庭医生》杂志社有限公司,广州,4-8千/月,11月22日
项目申报专员,《中国家庭医生》杂志社有限公司,广州,4-7千/月,11月22日
营销编辑（财经、心理、社科方向）,北京中青文文化传媒有限公司,北京,0.6-1万/月,11月22日
经管类图书策划编辑,北京中青文文化传媒有限公司,北京,0.8-1.5万/月,11月22日
资深策划编辑,北京中青文文化传媒有限公司,北京,0.8-1.5万/月,11月22日
图书策划编辑,北京中青文文化传媒有限公司,北京,0.8-1万/月,11月22日
记者,杭州艾维影视文化传媒有限公司,杭州,0.5-1.2万/月,11月22日
编辑,杭州艾维影视文化传媒有限公司,杭州,0.7-1万/月,11月22日
旅游编辑,上海邮人商务咨询有限公司,上海,6-8千/月,11月22日
美国体育内容专员,上海邮人商务咨询有限公司,上海,6-8千/月,11月22日
体育品牌内容专员 SPORTS BRAND CONTENT EXECUTIVE,上海邮人商务咨询有限公司,上海,6-8千/月,11月22日
策划编辑（少儿文学）,童趣出版有限公司,北京,6-8千/月,11月22日
科普编辑,童趣出版有限公司,北京,,11月22日
销售专员,童趣出版有限公司,北京,6-8千/月,11月22日
手机报策划编辑,求是网传媒（北京）有限公司,北京,0.8-1万/月,11月22日
微博/微信/论坛管理,求是网传媒（北京）有限公司,北京,4.5-6千/月,11月22日
策划编辑、主编,求是网传媒（北京）有限公司,北京,6-8千/月,11月22日
主任,武汉市新新图书有限公司,北京,,11月22日
记者——新闻中心,《中国经营报》社,北京,0.7-1.5万/月,11月22日
编辑——新闻中心,《中国经营报》社,北京,0.7-1.5万/月,11月22日
记者——《商学院》华东,《中国经营报》社,上海,0.6-1.3万/月,11月22日
公众号主编——中经未来新媒体,《中国经营报》社,北京,0.5-1万/月,11月22日
财经原创写手——中经未来新媒体,《中国经营报》社,北京,0.6-1.2万/月,11月22日
深度报道记者——产经中心,《中国经营报》社,北京,1-2万/月,11月22日
副主编——《家族企业》,《中国经营报》社,北京,1-2万/月,11月22日
调查记者/商业调查记者——新闻中心,《中国经营报》社,北京,0.7-1.5万/月,11月22日
财经/金融记者——财经中心,《中国经营报》社,北京,0.6-1.2万/月,11月22日
产经记者（地产/家电家居/医药健康）,《中国经营报》社,北京,0.6-1.2万/月,11月22日
产经记者（TMT/能源/化工),《中国经营报》社,北京,0.6-1.2万/月,11月22日
新媒体编辑——中经未来,《中国经营报》社,北京,0.6-1万/月,11月22日
汽车记者,《中国经营报》社,北京,0.7-1.5万/月,11月22日
《商学院》记者/采编,《中国经营报》社,北京,0.6-1.2万/月,11月22日
新媒体编辑——《商学院》,《中国经营报》社,北京,4.5-9千/月,11月22日
记者——《家族企业》,《中国经营报》社,北京,0.4-1.5万/月,11月22日
商务汽车编辑,北京亚汽联信息技术有限公司,北京,0.6-1.2万/月,11月22日
实习编辑,北京亚汽联信息技术有限公司,北京,3-4.5千/月,11月22日
应届生采编,北京亚汽联信息技术有限公司,北京,4.5-7千/月,11月22日
卡车编辑记者,北京亚汽联信息技术有限公司,北京,0.6-1.2万/月,11月22日
市场运营主管（新华万维公司）,新华书店总店,北京,0.6-1万/月,11月22日
记者/主任,政府采购信息网,北京,0.8-1万/月,11月22日
IT部主任/记者,政府采购信息网,北京,6-8千/月,11月22日
记者 - 政府新闻二部,政府采购信息网,北京,4-8千/月,11月22日
版权部实习生,中南博集天卷文化传媒有限公司,北京,1.5-2千/月,11月22日
编辑中心事业部总经理,中南博集天卷文化传媒有限公司,北京,5-7万/月,11月22日
营销编辑（少儿图书）,中南博集天卷文化传媒有限公司,北京,0.7-1万/月,11月22日
新媒体编辑,中南博集天卷文化传媒有限公司,北京,0.8-1万/月,11月22日
版权编辑,中南博集天卷文化传媒有限公司,北京,0.8-1.2万/月,11月22日
电商销售主管,中南博集天卷文化传媒有限公司,北京,10-15万/年,11月22日
文案编辑,中南博集天卷文化传媒有限公司,北京,6-8千/月,11月22日
心理学图书策划编辑,中国纺织出版社,北京,10-15万/年,11月22日
责任编辑（IT技术）,清华大学出版社第六事业部,北京,4.5-7千/月,11月22日
责任编辑（人文经管）,清华大学出版社第六事业部,北京,4.5-7千/月,11月22日
策划编辑-IT技术类高校教材（人文经管）,清华大学出版社第六事业部,北京,0.6-1万/月,11月22日
策划编辑-经管类高校教材（人文经管）,清华大学出版社第六事业部,北京,0.6-1万/月,11月22日
编辑助理（IT技术）,清华大学出版社第六事业部,北京,4.5-6千/月,11月22日
策划编辑（IT技术）,清华大学出版社第六事业部,北京,0.5-1.2万/月,11月22日
策划编辑-社科类图书（人文经管）,清华大学出版社第六事业部,北京,0.6-1万/月,11月22日
项目策划编辑(工作地 北京),北京京城新安文化传媒有限公司,北京,0.8-1万/月,11月22日
流程编辑,北京京城新安文化传媒有限公司,北京,5-8千/月,11月22日
坪山政法委文案编辑,方程文化传媒（深圳）有限公司,深圳,5-8千/月,11月22日
宣传专员,广东南方日报经营有限公司佛山分公司,异地,4-6千/月,11月22日
（大望路CBD)新媒体编辑,北京东方美食研究院,北京,6-8千/月,11月22日
Editorial Assistant,麦克米伦信息咨询服务（上海）有限公司,北京,0.8-1万/月,11月22日
出版部 电子文档整理,社会科学文献出版社,北京,6-8千/月,11月22日
童书编辑,上海译文出版社有限公司,上海,7-25万/年,11月22日
图书编辑,读客文化股份有限公司,上海,0.6-1.2万/月,11月22日
历史社科书编辑,读客文化股份有限公司,上海,0.7-1.4万/月,11月22日
（五险一金+高薪）美食杂志编辑,北京东方美食研究院,北京,0.8-1.2万/月,11月22日
编辑,深圳市阳光三采文化科技有限公司,深圳,6-8千/月,11月22日
资深排版设计,深圳市阳光三采文化科技有限公司,深圳,6-8千/月,11月22日
文字编辑,深圳市阳光三采文化科技有限公司,深圳,6-8千/月,11月22日
资深编辑（双休、福利好、地铁上盖、领导Nice）,广州德禄讯信息科技有限公司,广州,6-8千/月,11月22日
设计刊物编辑,广东包装与设计杂志社有限公司,广州,5-6千/月,11月22日
文科编辑,广州华翰文化传播有限公司,广州,4-5万/年,11月22日
中文编辑,广州华翰文化传播有限公司,广州,4-5万/年,11月22日
数学助理编辑/编辑,香港课室教材出版有限公司广州办事处,广州,4-5.5千/月,11月22日
编辑记者（会议媒体中心）,北京界上传媒投资管理有限公司,北京,0.5-1万/月,11月21日
网络编辑,北京界上传媒投资管理有限公司,北京,6-8千/月,11月21日
执行副总编（市场）,北京界上传媒投资管理有限公司,北京,1.5-2万/月,11月21日
北京分社教师月刊编辑部副主任,华东师范大学出版社有限公司,北京,0.8-1万/月,11月21日
北京分社营销编辑,华东师范大学出版社有限公司,北京,4.5-6千/月,11月21日
数字产品项目编辑,华东师范大学出版社有限公司,上海,5-8千/月,11月21日
外国文学编辑,读客文化股份有限公司,上海,5-7千/月,11月21日
文案编辑,北京紫图图书有限公司,北京,6-8千/月,11月21日
本版文学编辑,北京紫图图书有限公司,北京,5-8千/月,11月21日
教学总监,圣才电子书（武汉）有限公司,北京,0.8-2万/月,11月21日
电子书编辑,圣才电子书（武汉）有限公司,广州,4-8千/月,11月21日
电子书编辑,圣才电子书（武汉）有限公司,上海,0.5-1万/月,11月21日
编辑（总编办）,上海凤凰颐合文化发展有限公司,异地,6-8千/月,11月21日
资深编辑,上海凤凰颐合文化发展有限公司,上海,0.8-1.6万/月,11月21日
新媒体主编,后浪出版咨询（北京）有限责任公司,北京,6-8千/月,11月21日
网站编辑,后浪出版咨询（北京）有限责任公司,北京,4.5-6千/月,11月21日
电子书业务助理,后浪出版咨询（北京）有限责任公司,北京,6-8千/月,11月21日
图书渠道营销经理,后浪出版咨询（北京）有限责任公司,北京,6-8千/月,11月21日
馆配业务推广专员,后浪出版咨询（北京）有限责任公司,北京,6-8千/月,11月21日
培训文案推广,后浪出版咨询（北京）有限责任公司,北京,5-7千/月,11月21日
网站内容编辑,后浪出版咨询（北京）有限责任公司,北京,5-7千/月,11月21日
拍电影网技术编辑,后浪出版咨询（北京）有限责任公司,北京,5-7千/月,11月21日
影视技术编辑,后浪出版咨询（北京）有限责任公司,北京,4.5-6千/月,11月21日
电子书运营专员,后浪出版咨询（北京）有限责任公司,北京,4.5-6千/月,11月21日
常务副总编辑,后浪出版咨询（北京）有限责任公司,北京,1-1.5万/月,11月21日
数字出版专员,后浪出版咨询（北京）有限责任公司,北京,4.5-6千/月,11月21日
地面渠道销售总监,后浪出版咨询（北京）有限责任公司,北京,1-1.5万/月,11月21日
德语版权编辑,后浪出版咨询（北京）有限责任公司,北京,0.8-1万/月,11月21日
天地出版社—少儿分社美术编辑,新华文轩出版传媒股份有限公司,北京,0.6-1万/月,11月21日
天地出版社—青少部策划编辑,新华文轩出版传媒股份有限公司,北京,0.7-1万/月,11月21日
天地出版社—社科策划编辑,新华文轩出版传媒股份有限公司,北京,0.7-1万/月,11月21日
编务,新华文轩出版传媒股份有限公司,北京,6-8千/月,11月21日
策划编辑—四川少年儿童出版社北京编辑部,新华文轩出版传媒股份有限公司,北京,6-8千/月,11月21日
天地出版社—校对员,新华文轩出版传媒股份有限公司,北京,6-8千/月,11月21日
天地出版社编辑部主任,新华文轩出版传媒股份有限公司,北京,1.5-2万/月,11月21日
物理、地理学科编辑,新华文轩出版传媒股份有限公司,北京,3-5千/月,11月21日
天地出版社儿童图书策划编辑,新华文轩出版传媒股份有限公司,北京,12-16万/年,11月21日
编辑记者,新华文轩出版传媒股份有限公司,北京,6-8千/月,11月21日
图书策划编辑（文化类图书）,社源（北京）文化有限公司,北京,6-8千/月,11月21日
运动旅游部采编主任,浙江《青年时报》社,杭州,15-20万/年,11月21日
浙江新闻部记者,浙江《青年时报》社,杭州,4.5-6千/月,11月21日
青牛电子商务新媒体编辑,浙江《青年时报》社,杭州,4.5-6千/月,11月21日
社会新闻部记者,浙江《青年时报》社,杭州,4.5-6千/月,11月21日
报纸编辑（夜班）,浙江《青年时报》社,杭州,8-10万/年,11月21日
公众号编辑/文案策划,杭州晨雾文化创意有限公司,杭州,4-6千/月,11月21日
视频策划编辑（明星/时装）,北京赫斯特广告有限公司上海分公司,上海,1-1.5万/月,11月21日
策划编辑（华语原创文学方向）,中信出版集团股份有限公司,上海,0.8-1.2万/月,11月21日
策划编辑（外国文学方向）,中信出版集团股份有限公司,上海,0.8-1.2万/月,11月21日
学术编辑,楠西医药科技（杭州）有限公司,杭州,4.5-8千/月,11月21日
图书编辑,楠西医药科技（杭州）有限公司,广州,4-6千/月,11月21日
视觉编辑,广东新周刊杂志社有限公司,广州,6-8千/月,11月21日
编导,浙江盈科万勤通信技术有限公司,杭州,4.5-8千/月,11月21日
内容运营,浙江盈科万勤通信技术有限公司,杭州,0.5-1万/月,11月21日
财经记者圈主笔,深圳市万合文化传播有限公司,异地,0.6-1.2万/月,11月21日
海外资产配置原创编辑,深圳市万合文化传播有限公司,深圳,0.5-1万/月,11月21日
海外资产配置原创编辑,深圳市万合文化传播有限公司,异地,0.5-1万/月,11月21日
港股美股原创编辑,深圳市万合文化传播有限公司,异地,0.5-1万/月,11月21日
港股美股原创编辑,深圳市万合文化传播有限公司,深圳,0.5-1万/月,11月21日
商业（营销、广告）案例原创编辑,深圳市万合文化传播有限公司,深圳,0.5-1.5万/月,11月21日
房地产内容原创编辑,深圳市万合文化传播有限公司,异地,0.5-1万/月,11月21日
互联网金融原创编辑,深圳市万合文化传播有限公司,异地,0.5-1万/月,11月21日
基金原创编辑,深圳市万合文化传播有限公司,异地,0.5-1万/月,11月21日
房地产内容原创编辑,深圳市万合文化传播有限公司,深圳,0.5-1万/月,11月21日
互联网金融原创编辑,深圳市万合文化传播有限公司,深圳,0.5-1万/月,11月21日
基金原创编辑,深圳市万合文化传播有限公司,深圳,0.5-1万/月,11月21日
保险原创编辑,深圳市万合文化传播有限公司,深圳,0.5-1.5万/月,11月21日
股票原创编辑,深圳市万合文化传播有限公司,深圳,0.5-1万/月,11月21日
ipo领域研究员,深圳市万合文化传播有限公司,深圳,0.5-1.5万/月,11月21日
阅读原创编辑,深圳市万合文化传播有限公司,深圳,0.5-1.2万/月,11月21日
记者,深圳市万合文化传播有限公司,深圳,0.6-1万/月,11月21日
研究员/研究助理,深圳市万合文化传播有限公司,深圳,0.6-1万/月,11月21日
母婴编辑,深圳市万合文化传播有限公司,深圳,6-8千/月,11月21日
理财原创编辑,深圳市万合文化传播有限公司,深圳,0.8-1.5万/月,11月21日
财经原创编辑,深圳市万合文化传播有限公司,深圳,0.5-1.5万/月,11月21日
汽车执行总编辑,深圳市万合文化传播有限公司,深圳,1.5-2万/月,11月21日
阅读编辑,深圳市万合文化传播有限公司,异地,4.5-6千/月,11月21日
汽车视频编辑,深圳市万合文化传播有限公司,异地,4.5-6千/月,11月21日
汽车文字编辑,深圳市万合文化传播有限公司,异地,4.5-6千/月,11月21日
商业编辑,深圳市万合文化传播有限公司,异地,4.5-6千/月,11月21日
理财编辑,深圳市万合文化传播有限公司,异地,4.5-6千/月,11月21日
财经编辑,深圳市万合文化传播有限公司,异地,4.5-6千/月,11月21日
汽车视频编辑,深圳市万合文化传播有限公司,深圳,0.5-1.2万/月,11月21日
汽车漫画编辑,深圳市万合文化传播有限公司,深圳,0.5-1.2万/月,11月21日
汽车文字编辑,深圳市万合文化传播有限公司,深圳,0.5-1.2万/月,11月21日
股票编辑,深圳市万合文化传播有限公司,深圳,0.8-1.2万/月,11月21日
教辅图书物理编辑（质管中心）,京版北教文化传媒股份有限公司,北京,4.5-6千/月,11月21日
教辅图书英语编辑（质管中心）,京版北教文化传媒股份有限公司,北京,4.5-6千/月,11月21日
教辅图书数学编辑（质管中心）,京版北教文化传媒股份有限公司,北京,4.5-6千/月,11月21日
策划编辑,京版北教文化传媒股份有限公司,北京,5-6千/月,11月21日
教辅图书编辑（高中化学）,京版北教文化传媒股份有限公司,北京,4.5-6千/月,11月21日
高中教辅学科研发主管,京版北教文化传媒股份有限公司,北京,0.8-1万/月,11月21日
初中教辅学科研发主管,京版北教文化传媒股份有限公司,北京,0.7-1万/月,11月21日
小学教辅学科研发主管,京版北教文化传媒股份有限公司,北京,0.5-1万/月,11月21日
高中地理编辑,京版北教文化传媒股份有限公司,北京,4-6千/月,11月21日
初中数学编辑,京版北教文化传媒股份有限公司,北京,4.5-6千/月,11月21日
初中政治编辑,京版北教文化传媒股份有限公司,北京,4-6千/月,11月21日
初中地理编辑,京版北教文化传媒股份有限公司,北京,4-6千/月,11月21日
初中历史编辑,京版北教文化传媒股份有限公司,北京,4-6千/月,11月21日
教辅文案编辑（小学语文）,京版北教文化传媒股份有限公司,北京,4-6千/月,11月21日
教辅图书生物编辑（质管）,京版北教文化传媒股份有限公司,北京,4-6千/月,11月21日
教辅图书地理编辑（质管）[,京版北教文化传媒股份有限公司,北京,4-6千/月,11月21日
教辅图书政治编辑（质管）,京版北教文化传媒股份有限公司,北京,4-6千/月,11月21日
教辅图书语文编辑（质管）,京版北教文化传媒股份有限公司,北京,4-6千/月,11月21日
深度记者,上海医米信息技术有限公司,上海,15-20万/年,11月21日
新闻编辑,上海医米信息技术有限公司,上海,0.6-1万/月,11月21日
图书工作室主编/编辑部主任,联合天际（北京）文化传媒有限公司,北京,20-30万/年,11月21日
资深图书策划编辑,联合天际（北京）文化传媒有限公司,北京,0.6-1.2万/月,11月21日
新媒体运营助理,联合天际（北京）文化传媒有限公司,北京,5-7千/月,11月21日
版权运营经理,联合天际（北京）文化传媒有限公司,北京,1-1.2万/月,11月21日
版权助理,联合天际（北京）文化传媒有限公司,北京,6-8千/月,11月21日
高级美术编辑/书籍设计师,联合天际（北京）文化传媒有限公司,北京,1.2-2.4万/月,11月21日
营销经理,联合天际（北京）文化传媒有限公司,北京,0.8-1万/月,11月21日
图书文字编辑/责任编辑,联合天际（北京）文化传媒有限公司,北京,5-8千/月,11月21日
高级文学类图书策划编辑,联合天际（北京）文化传媒有限公司,北京,0.8-1.5万/月,11月21日
资深编审,联合天际（北京）文化传媒有限公司,北京,0.6-1万/月,11月21日
测评编辑（手机等电子产品）,深圳前瞻资讯股份有限公司,深圳,5-8千/月,11月21日
主编,深圳前瞻资讯股份有限公司,深圳,0.6-1.2万/月,11月21日
财经新闻编辑,深圳前瞻资讯股份有限公司,深圳,0.5-1万/月,11月21日
撰稿编辑（经营管理方向）,上海智读汇文化传播有限公司,上海,6-8千/月,11月21日
策划编辑（人文社科方向）,上海智读汇文化传播有限公司,上海,0.8-1万/月,11月21日
策划编辑（经营管理方向）,上海智读汇文化传播有限公司,上海,0.8-1万/月,11月21日
诚聘图书撰稿编辑,上海智读汇文化传播有限公司,上海,6-8千/月,11月21日
经管图书策划编辑,上海智读汇文化传播有限公司,上海,0.8-1万/月,11月21日
急招图书出版编辑,上海智读汇文化传播有限公司,上海,6-8千/月,11月21日
诚聘图书编辑（主经管类）,上海智读汇文化传播有限公司,上海,6-8千/月,11月21日
课程研发（主经管类）,上海智读汇文化传播有限公司,上海,0.8-1万/月,11月21日
诚聘图书撰稿编辑,上海智读汇文化传播有限公司,北京,6-8千/月,11月21日
图书编辑部主任,上海智读汇文化传播有限公司,上海,0.8-1万/月,11月21日
诚聘网站及新媒体编辑,上海智读汇文化传播有限公司,上海,4.5-6千/月,11月21日
实习生,凤凰阿歇特文化发展（北京）有限公司,北京,1.5-2千/月,11月21日
版权助理,凤凰阿歇特文化发展（北京）有限公司,北京,4-6千/月,11月21日
美术编辑 美编,凤凰阿歇特文化发展（北京）有限公司,北京,0.5-1万/月,11月21日
营销主管,凤凰阿歇特文化发展（北京）有限公司,北京,0.5-1万/月,11月21日
少儿图书资深编辑 童书资深编辑,凤凰阿歇特文化发展（北京）有限公司,北京,0.5-1万/月,11月21日
《中国医院院长》杂志 创新中心 项目专员,卓信医学传媒集团,北京,4.5-6千/月,11月21日
学术中心 医学编辑,卓信医学传媒集团,北京,0.4-1.2万/月,11月21日
医师报-新闻中心-编辑/记者,卓信医学传媒集团,北京,0.4-1.2万/月,11月21日
《医师报》新媒体采编,卓信医学传媒集团,北京,0.4-1.2万/月,11月21日
医师报 新闻中心 记者/编辑,卓信医学传媒集团,北京,0.4-1.2万/月,11月21日
文科编辑（政治）政治老师/教师,广东易百分文化传媒有限公司,广州,4-8千/月,11月21日
语文编辑/语文编辑老师,广东易百分文化传媒有限公司,广州,4-7千/月,11月21日
文科编辑（地理）,广东易百分文化传媒有限公司,广州,4-8千/月,11月21日
理科编辑（化学）/化学老师/化学教师,广东易百分文化传媒有限公司,广州,4.5-9千/月,11月21日
理科编辑（物理）/物理老师,广东易百分文化传媒有限公司,广州,4-7千/月,11月21日
英语编辑（师范类）/英语老师,广东易百分文化传媒有限公司,广州,4.5-8千/月,11月21日
数学编辑/数学编辑老师,广东易百分文化传媒有限公司,广州,4.5-8千/月,11月21日
文字记者,中国新闻社浙江分社,杭州,6-8千/月,11月21日
历史编辑,广东智慧教育文化传媒有限公司,广州,4.5-6千/月,11月20日
政治编辑,广东智慧教育文化传媒有限公司,广州,5-6万/年,11月20日
化学编辑,广东智慧教育文化传媒有限公司,广州,3-4.5千/月,11月20日
物理编辑,广东智慧教育文化传媒有限公司,广州,5-6万/年,11月20日
英语编辑,广东智慧教育文化传媒有限公司,广州,4.5-6千/月,11月20日
数学编辑,广东智慧教育文化传媒有限公司,广州,4.5-6千/月,11月20日
语文编辑,广东智慧教育文化传媒有限公司,广州,4.5-6千/月,11月20日
文案编辑,方程文化传媒（深圳）有限公司,深圳,5-8千/月,11月20日
平面设计师/书籍设计师/美术编辑,中信出版集团股份有限公司,上海,0.8-1.2万/月,11月20日
主编,中信出版集团股份有限公司,北京,1.5-3万/月,11月20日
编务,中信出版集团股份有限公司,北京,4-6千/月,11月20日
文字编辑,汇智光华（北京）文化传媒股份有限公司,北京,4.5-6千/月,11月20日
图书/文字编辑,汇智光华（北京）文化传媒股份有限公司,北京,4.5-6千/月,11月20日
文字编辑,北京启发世纪图书有限责任公司,北京,0.8-1万/月,11月20日
儿童文学编辑,北京启发世纪图书有限责任公司,北京,0.8-1万/月,11月20日
医学编辑（应届毕业生实习生）,科学技术文献出版社,北京,5-8千/月,11月20日
医学编辑,科学技术文献出版社,北京,5-8千/月,11月20日
学术编辑,科学技术文献出版社,北京,4-6千/月,11月20日
科学编辑,科学技术文献出版社,北京,4-6千/月,11月20日
科技编辑,科学技术文献出版社,北京,4.5-6千/月,11月20日
数学策划编辑,北京京师普教文化传媒有限公司,北京,6-8千/月,11月20日
数学在线课程研发,北京京师普教文化传媒有限公司,北京,6-8千/月,11月20日
文字编辑,广东南方法治报有限公司,广州,6-8千/月,11月20日
中华武术-编辑,中国体育报业总社,北京,5-8千/月,11月20日
中国体彩报-编辑助理/编辑,中国体育报业总社,北京,3-4.5千/月,11月20日
发行经理,《公益时报》社,北京,1-1.5万/月,11月20日
彩票编辑部 记者,《公益时报》社,北京,4-8千/月,11月20日
彩票编辑部 编辑,《公益时报》社,北京,4-8千/月,11月20日
助理记者、编辑,《公益时报》社,北京,4-6千/月,11月20日
日语版权编辑,机械工业信息研究院（机械工业出版社）,北京,0.6-1万/月,11月20日
电子电气教材策划编辑,机械工业信息研究院（机械工业出版社）,北京,1-1.5万/月,11月20日
文字编辑,机械工业信息研究院（机械工业出版社）,北京,4.5-6千/月,11月20日
计算机图书策划编辑,机械工业信息研究院（机械工业出版社）,北京,0.8-1万/月,11月20日
建筑图书策划编辑,机械工业信息研究院（机械工业出版社）,北京,6-8千/月,11月20日
文字编辑（小说类）,北京白马时光文化发展有限公司,北京,5-6千/月,11月20日
策划编辑（儿童文学类）,北京白马时光文化发展有限公司,北京,0.8-1万/月,11月20日
高薪急聘策划编辑（青春文学类）,北京白马时光文化发展有限公司,北京,1-1.5万/月,11月20日
策划编辑（青春文学类）,北京白马时光文化发展有限公司,北京,1-1.5万/月,11月20日
策划编辑（社科文艺类）,北京白马时光文化发展有限公司,北京,0.8-1万/月,11月20日
编辑部主任,广东太阳花书业发展有限公司,深圳,0.8-1万/月,11月20日
英语版权编辑,广东太阳花书业发展有限公司,深圳,5-8千/月,11月20日
少儿图书编辑部主任,广东太阳花书业发展有限公司,深圳,0.8-1万/月,11月20日
少儿图书文字编辑,广东太阳花书业发展有限公司,深圳,4-6千/月,11月20日
编辑,广东太阳花书业发展有限公司,深圳,6-8千/月,11月20日
记者 杂志记者 网站记者,中国图象图形学学会培训中心,北京,4-8千/月,11月20日
网站编辑,中国图象图形学学会培训中心,北京,3-4.5千/月,11月20日
抖音编导-音乐类,上海新榄网络科技有限公司,上海,0.5-1万/月,11月20日
新媒体编辑-音响方向,上海新榄网络科技有限公司,上海,0.5-1万/月,11月20日
钢琴新媒体编辑,上海新榄网络科技有限公司,上海,0.5-1万/月,11月20日
音乐教育编辑/访谈记者/课程开发,上海新榄网络科技有限公司,上海,0.5-1万/月,11月20日
图书策划编辑-音乐类,上海新榄网络科技有限公司,上海,0.8-1万/月,11月20日
美食编辑/摄影摄像,上海新榄网络科技有限公司,上海,1-1.5万/月,11月20日
美食编辑/西餐方向,上海新榄网络科技有限公司,上海,6-8千/月,11月20日
日语编辑,上海新榄网络科技有限公司,上海,4.5-6千/月,11月20日
新媒体编辑-戏剧文化方向,上海新榄网络科技有限公司,上海,4.5-7千/月,11月20日
医学编辑/营养学编辑-问健康画报,上海新榄网络科技有限公司,上海,4.5-6千/月,11月20日
中医编辑/中药编辑-问健康画报,上海新榄网络科技有限公司,上海,4.5-6千/月,11月20日
烈酒/鸡尾酒编辑,上海新榄网络科技有限公司,上海,6-8千/月,11月20日
葡萄酒记者和编辑,上海新榄网络科技有限公司,上海,4.5-6千/月,11月20日
医学编辑（000759）,北京万方数据股份有限公司,北京,4.5-6千/月,11月19日
数字出版编辑（000726）,北京万方数据股份有限公司,北京,4.5-6千/月,11月19日
刊物编辑（000711）,北京万方数据股份有限公司,北京,4.5-6千/月,11月19日
编校中心 校对,华东师范大学出版社有限公司,上海,6-8万/年,11月19日
助理医学编辑,中科数字出版传媒有限公司,北京,0.8-1万/月,11月19日
医学文字编辑（急聘）,中科数字出版传媒有限公司,北京,0.7-1.2万/月,11月19日
高级医学策划（急聘）,中科数字出版传媒有限公司,北京,1.3-2万/月,11月19日
（低幼中心）美术编辑,中国少年儿童新闻出版总社,北京,6-8千/月,11月19日
国企出版社-----责任编辑,人民东方（北京）书业有限公司,北京,0.8-1万/月,11月19日
国企出版社-----责任编辑,人民东方（北京）书业有限公司,北京,0.8-1万/月,11月19日
国企出版社-----责任编辑,人民东方（北京）书业有限公司,北京,0.8-1万/月,11月19日
国企出版社-----责任编辑,人民东方（北京）书业有限公司,北京,0.8-1万/月,11月19日
国企出版社-----责任编辑,人民东方（北京）书业有限公司,北京,0.8-1万/月,11月19日
国企出版社-----责任编辑,人民东方（北京）书业有限公司,北京,0.8-1万/月,11月19日
国企出版社-----责任编辑,人民东方（北京）书业有限公司,北京,0.8-1万/月,11月19日
国企出版社-----责任编辑,人民东方（北京）书业有限公司,北京,0.8-1万/月,11月19日
编辑,《民主与法制》社,北京,0.8-1.2万/月,11月19日
中文图书编辑（有经验）,北京正清文化艺术有限责任公司,北京,0.6-1万/月,11月19日
美术编辑/平面设计/美编,广东大音音像出版社,广州,5.5-6.5千/月,11月19日
原版图书采购,广东大音音像出版社,广州,5-6千/月,11月19日
行政编务,中信出版集团股份有限公司,上海,5-8千/月,11月19日
图书策划编辑,北京文通天下图书有限公司,北京,0.5-1.5万/月,11月19日
急聘语文编辑,广州华翰文化传播有限公司,广州,4.5-6千/月,11月19日
理科编辑,广州华翰文化传播有限公司,广州,4-5万/年,11月19日
执行主编,浙江《山海经》杂志社有限公司,杭州,0.8-1万/月,11月19日
少儿编辑,浙江《山海经》杂志社有限公司,杭州,4.5-6千/月,11月19日
文化杂志编辑,浙江《山海经》杂志社有限公司,杭州,4.5-6千/月,11月19日
理科编辑,杭州孟建平图书有限公司,杭州,4-6千/月,11月19日
文字编辑,中国铁道学会,北京,5.5-8千/月,11月19日
医学编辑,北京轩银瑞华文化传播有限公司,北京,4.5-6千/月,11月18日
英语编辑,北京知行健教育咨询有限公司,北京,0.8-1万/月,11月18日
编辑部主任,广东智慧教育文化传媒有限公司,广州,15-20万/年,11月17日
编辑,北京振宇锐智国际文化有限公司,北京,6-8千/月,11月17日
英语图书编辑,北京振宇锐智国际文化有限公司,北京,6-8千/月,11月17日
经济法教研编辑,北京四海华章科技发展有限公司,北京,0.8-1.5万/月,11月17日
财经类教研编辑,北京四海华章科技发展有限公司,北京,0.8-1.5万/月,11月17日
惠州新闻部记者,南方都市报,广州,0.8-1万/月,11月16日
新媒体编辑(子公司）,南方都市报,广州,6-8千/月,11月16日
商务经理（新华互联）,新华书店总店,北京,0.8-1.5万/月,11月16日
资深策划编辑,中信出版集团股份有限公司,北京,0.7-1.5万/月,11月16日
营销编辑,中信出版集团股份有限公司,北京,0.7-1.5万/月,11月16日
园艺类策划编辑,天津凤凰空间文化传媒有限公司,广州,6-8千/月,11月16日
室内设计出版中心策划编辑,天津凤凰空间文化传媒有限公司,广州,6-8千/月,11月16日
英文编辑,天津凤凰空间文化传媒有限公司,广州,6-8千/月,11月16日
Editorial Assistant,麦克米伦信息咨询服务（上海）有限公司,北京,0.8-1万/月,11月16日
策划编辑,研究出版社·新时代研究出版创新中心,北京,4-8千/月,11月16日
策划编辑,研究出版社·新时代研究出版创新中心,北京,4-8千/月,11月16日
美术编辑,研究出版社·新时代研究出版创新中心,北京,0.5-1.2万/月,11月16日
总编室编务,研究出版社·新时代研究出版创新中心,北京,4-8千/月,11月16日
记者,中国图象图形学学会培训中心,北京,6-8千/月,11月16日
图书编辑,北京世纪悦然文化传播有限公司,北京,0.5-1万/月,11月16日
数媒编辑(通州编辑部),北京紫云文心图书有限公司,北京,3-5千/月,11月16日
图书策划编辑（江苏人民出版社北京图书中心）,北京紫云文心图书有限公司,北京,4.5-6千/月,11月16日
图书编辑,北京紫云文心图书有限公司,北京,4-6千/月,11月16日
童书策划编辑,中信出版集团股份有限公司,北京,0.7-1.5万/月,11月16日
编辑/记者,广东安全生产杂志社,广州,4.5-8.5千/月,11月16日
美术编辑-急招,天津凤凰空间文化传媒有限公司,广州,6-8千/月,11月16日
新闻编辑,北京中青在线网络信息技术有限公司,北京,5-8千/月,11月15日
网站编辑（夜班）,北京中青在线网络信息技术有限公司,北京,5-8千/月,11月15日
视频编辑,北京中青在线网络信息技术有限公司,北京,6-8千/月,11月15日
新媒体运营专员,杭州今日大江东传媒有限公司,杭州,6-8千/月,11月15日
责任编辑,杭州今日大江东传媒有限公司,杭州,6-8千/月,11月15日
内容编辑,北京巴亚桥文化咨询有限公司,异地,0.8-1.5万/月,11月15日
童书编辑,北京巴亚桥文化咨询有限公司,北京,0.7-1.5万/月,11月15日
童书美术编辑,北京奇想国文化发展有限公司,北京,0.8-1.2万/月,11月15日
新媒体运营主管,北京奇想国文化发展有限公司,北京,0.6-1.5万/月,11月15日
总编辑,北京巴亚桥文化咨询有限公司,北京,1.2-2.4万/月,11月15日
人力资源总监,北京奇想国文化发展有限公司,北京,0.8-1.6万/月,11月15日
版权助理,北京奇想国文化发展有限公司,北京,0.5-1.2万/月,11月15日
财务会计主管,北京奇想国文化发展有限公司,北京,0.8-1.5万/月,11月15日
营销编辑,北京奇想国文化发展有限公司,北京,0.8-1.5万/月,11月15日
童书市场总监,北京奇想国文化发展有限公司,北京,0.8-1.6万/月,11月15日
儿童图书编辑,北京奇想国文化发展有限公司,北京,0.8-1.5万/月,11月15日
《中国工会年鉴》项目主管,中国工人出版社,北京,0.8-1.2万/月,11月15日
中小学英语编辑,北京金钟书文化传媒有限公司,北京,6-8千/月,11月15日
中小学数学编辑,北京金钟书文化传媒有限公司,北京,6-8千/月,11月15日
物理编辑,外研众望教育科技（北京）有限公司,北京,6-8千/月,11月15日
数学编辑,外研众望教育科技（北京）有限公司,北京,6-8千/月,11月15日
化学编辑,外研众望教育科技（北京）有限公司,北京,6-8千/月,11月15日
图书设计师,上海悦悦图书有限公司,上海,0.6-1万/月,11月14日
《知心姐姐》传播部新媒体编辑,中国少年儿童新闻出版总社,北京,6-7千/月,11月13日
《少先队小干部》文字编辑,中国少年儿童新闻出版总社,北京,6-7千/月,11月13日
图书编辑,广东新世纪出版社,广州,8-10万/年,11月13日
记者（21世纪经济报道金融版）,21世纪报系,上海,1-1.5万/月,11月13日
记者（21世纪经济报道-财经版）,21世纪报系,北京,0.8-1.5万/月,11月13日
石家庄数学编辑,北京荣德基教育科技有限公司,异地,3-5千/月,11月13日
石家庄英语编辑,北京荣德基教育科技有限公司,异地,3-5千/月,11月13日
石家庄语文编辑,北京荣德基教育科技有限公司,异地,3-5千/月,11月13日
语文编辑,北京荣德基教育科技有限公司,北京,6-8千/月,11月13日
新闻部 中文编辑,中经网传媒有限公司,北京,4.5-6千/月,11月13日
会展中国频道编辑,中经网传媒有限公司,北京,4.5-6千/月,11月13日
中国商用汽车网编辑,中经网传媒有限公司,北京,4.5-6千/月,11月13日
财经频道编辑,中经网传媒有限公司,北京,4.5-6千/月,11月13日
网络编辑、财经评论员,中经网传媒有限公司,北京,4.5-6千/月,11月13日
汽车事业部编辑,中经网传媒有限公司,北京,4.5-6千/月,11月13日
国际合作中心 英文编辑,中经网传媒有限公司,北京,6-8千/月,11月13日
发行、内勤,中国新闻出版传媒集团有限公司,北京,3-4.5千/月,11月13日
美术编辑,中国新闻出版传媒集团有限公司,北京,4.5-6千/月,11月13日
编辑、记者,中国新闻出版传媒集团有限公司,北京,6-8千/月,11月13日
科学（理化生）编辑校对,浙江志明教育图书有限公司,杭州,3.5-6.5千/月,11月13日
数学编辑校对,浙江志明教育图书有限公司,杭州,3.5-6.5千/月,11月13日
语文编辑校对,浙江志明教育图书有限公司,杭州,3.5-6千/月,11月13日
理科编辑校对,浙江志明教育图书有限公司,杭州,3.5-6.5千/月,11月13日
文案策划,中宣助力（北京）传媒有限公司,北京,4.5-6千/月,11月13日
社区报编辑,中宣助力（北京）传媒有限公司,北京,6-8千/月,11月13日
微信编辑,中宣助力（北京）传媒有限公司,北京,5-7千/月,11月13日
文字记者,广东南方法治报有限公司,广州,6-8千/月,11月13日
英语编辑（大学教育）,广州华研文化传播有限公司,广州,5-8千/月,11月12日
杂志采编记者,广州市生旭教育咨询有限公司,广州,6-8千/月,11月12日
主编,齐鲁名盛（北京）文化传媒有限公司,北京,0.8-1万/月,11月12日
杂志主编,《教育家》编辑部,北京,20-30万/年,11月12日
学科编辑,外研众望教育科技（北京）有限公司,北京,0.6-1万/月,11月12日
资深创意编辑,上海康泰纳仕广告有限公司,北京,0.8-1万/月,11月11日
图书终审编辑,北京启发世纪图书有限责任公司,北京,0.5-1万/月,11月10日
文字编辑,北京名医世纪文化传媒有限公司,北京,6-8千/月,11月10日
编辑记者,零售世界杂志,北京,6-8千/月,11月9日
编辑+员工旅游+国外出差,上海柯尼广告传媒有限公司,上海,4-8千/月,11月9日
网站编辑,上海柯尼广告传媒有限公司,上海,4-8千/月,11月9日
中文图书编辑,北京振宇锐智国际文化有限公司,北京,6-8千/月,11月8日
资深文案,二十一世纪学生英文报,上海,0.5-1万/月,11月8日
国企出版社-----责任编辑,人民东方（北京）书业有限公司,北京,0.8-1万/月,11月7日
国企出版社-----责任编辑,人民东方（北京）书业有限公司,北京,0.8-1万/月,11月7日
国企出版社-----责任编辑,人民东方（北京）书业有限公司,北京,0.8-1万/月,11月7日
总编助理,广州市美琳达广告有限公司,广州,4.5-6千/月,11月7日
文字编辑,广州市京教文化传播有限公司,广州,6-8千/月,11月7日
记者（淘榜单）,浙江天下网商网络传媒有限公司,杭州,1-2万/月,11月6日
《知心姐姐》文字编辑,中国少年儿童新闻出版总社,北京,7-8千/月,11月6日
《中国少年英语报》文字编辑,中国少年儿童新闻出版总社,北京,5-6千/月,11月6日
编辑记者,零售世界杂志,北京,6-8千/月,11月6日
新媒体编辑,浙江省期刊总社有限公司,杭州,8-10万/年,11月6日
新媒体编辑,浙江省期刊总社有限公司,杭州,8-10万/年,11月6日
图书策划编辑,浙江省期刊总社有限公司,杭州,7-12万/年,11月6日
校对,北京科技报社,北京,6-8千/月,11月6日
科技记者,北京科技报社,北京,1-1.5万/月,11月6日
科技内容编辑,北京科技报社,北京,1-1.5万/月,11月6日
编辑助理,北京科技报社,北京,0.8-1万/月,11月6日
包住+图书设计/封面设计+急聘,北京汉图文化传媒有限公司,北京,4-8千/月,11月6日
实习编辑+急聘+包住宿,北京汉图文化传媒有限公司,北京,3-5千/月,11月6日
文化频道记者,《上海日报》社,上海,4.5-6千/月,11月5日
文化频道记者,《上海日报》社,上海,4.5-6千/月,11月5日
文化频道记者,《上海日报》社,上海,4.5-6千/月,11月5日
夜班编辑,《上海日报》社,上海,6-8千/月,11月5日
小中學语文科参考书编辑(***),深圳市尚进教育培训有限公司,深圳,3-4.5千/月,11月5日
语文编辑及教师,深圳市尚进教育培训有限公司,深圳,4.5-6千/月,11月5日
英语编辑,广州华翰文化传播有限公司,广州,4-5万/年,11月5日
英文编辑,《中国医药导报》杂志社,北京,6-8千/月,11月5日
记者,《中国医药导报》杂志社,北京,0.6-1万/月,11月5日
记者,《中国医药导报》杂志社,北京,0.8-1万/月,11月5日
副总编/编审,《中国医药导报》杂志社,北京,0.6-1万/月,11月5日
融合发展项目主管,中国工人出版社,北京,0.8-1.2万/月,11月5日
网站编辑,《上海日报》社,上海,4.5-6千/月,11月5日
平面设计师,现代传播（珠海）科技有限公司北京分公司,北京,0.8-1万/月,11月4日
语文编辑,外研众望教育科技（北京）有限公司,北京,6-8千/月,11月2日
高级编辑,《汽车纵横》杂志社有限公司,北京,0.8-1万/月,11月2日
总经理助理/英文编辑,深圳市艺力文化发展有限公司,深圳,4-7千/月,11月2日
文字编辑,《中国教师》杂志社,广州,6-8千/月,11月2日
采访编辑,上海指道教育科技有限公司,上海,5-8千/月,11月1日
新媒体策划编辑,上海指道教育科技有限公司,上海,0.8-1万/月,11月1日
心理自助类图书策划编辑,北京中青文文化传媒有限公司,北京,0.8-1万/月,11月1日
哲学编辑,武汉市新新图书有限公司,北京,5-8千/月,11月1日
人民联合 招聘——社科编辑部 策划编辑,人民东方出版传媒有限公司,北京,0.8-1万/月,10月31日
总编室——编务,人民东方出版传媒有限公司,北京,0.6-1万/月,10月31日
新媒体——营销编辑,人民东方出版传媒有限公司,北京,0.6-1万/月,10月31日
东方音像——音频产品内容编辑,人民东方出版传媒有限公司,北京,0.7-1万/月,10月31日
人民联合—童书策划编辑,人民东方出版传媒有限公司,北京,0.7-1.2万/月,10月31日
人民东方出版传媒少儿编辑部-童书策划编辑,人民东方出版传媒有限公司,北京,0.8-1万/月,10月31日
人民联合社科编辑部营销编辑,人民东方出版传媒有限公司,北京,0.7-1.4万/月,10月31日
发行中心发行业务主管（区域经理）,人民东方出版传媒有限公司,北京,0.6-1万/月,10月31日
发行中心特殊渠道部业务经理,人民东方出版传媒有限公司,北京,0.6-1万/月,10月31日
东方出版社招聘总编室副主任1人,人民东方出版传媒有限公司,北京,1-2万/月,10月31日
东方音像电子出版社招聘——营销编辑,人民东方出版传媒有限公司,北京,0.7-1万/月,10月31日
选题编辑,鼹鼠世界（北京）信息科技有限责任公司,北京,0.8-1万/月,10月31日
图文编辑/选题采访,旺旺中时文化传媒（北京）有限公司,北京,4.5-6.5千/月,10月30日
综合类图书编辑(人文社科方向),后浪出版咨询（北京）有限责任公司,北京,6-8千/月,10月30日
图书营销推广（少儿图书、外语、教育类）,后浪出版咨询（北京）有限责任公司,北京,6-8千/月,10月30日
浪花朵朵童书营销推广,后浪出版咨询（北京）有限责任公司,北京,5-7千/月,10月30日
发行副主任,后浪出版咨询（北京）有限责任公司,北京,1.5-2万/月,10月30日
欧洲/日本/英美文学编辑,后浪出版咨询（北京）有限责任公司,北京,4.5-6千/月,10月30日
政治学图书编辑,后浪出版咨询（北京）有限责任公司,北京,4.5-6千/月,10月30日
综合类图书编辑（文史哲类方向）,后浪出版咨询（北京）有限责任公司,北京,6-8千/月,10月30日
中小学教育图书主编/副主编,后浪出版咨询（北京）有限责任公司,北京,0.8-1.3万/月,10月30日
古籍类图书编辑,后浪出版咨询（北京）有限责任公司,北京,6-8千/月,10月30日
营销部-后浪漫营销编辑,后浪出版咨询（北京）有限责任公司,北京,4.5-6千/月,10月30日
中国史东亚史图书编辑,后浪出版咨询（北京）有限责任公司,北京,4.5-6千/月,10月30日
高校教材推广编辑,后浪出版咨询（北京）有限责任公司,北京,6-8千/月,10月30日
院校市场拓展经理,后浪出版咨询（北京）有限责任公司,北京,6-8千/月,10月30日
图书院校代表,后浪出版咨询（北京）有限责任公司,北京,6-8千/月,10月30日
考古/文物/古文献图书编辑,后浪出版咨询（北京）有限责任公司,北京,4.5-6千/月,10月30日
法学图书编辑,后浪出版咨询（北京）有限责任公司,北京,5-7千/月,10月30日
法律图书编辑,后浪出版咨询（北京）有限责任公司,北京,4.5-6千/月,10月30日
出版专员,后浪出版咨询（北京）有限责任公司,北京,4.5-6千/月,10月30日
世界史图书编辑,后浪出版咨询（北京）有限责任公司,北京,6-8千/月,10月30日
社科类图书营销编辑,后浪出版咨询（北京）有限责任公司,北京,6-8千/月,10月30日
运动类图书编辑,后浪出版咨询（北京）有限责任公司,北京,6-8千/月,10月30日
科学图书编辑（天文/地理地质/生物/航空航天）,后浪出版咨询（北京）有限责任公司,北京,6-8千/月,10月30日
中国古典文学/传统文化图书编辑,后浪出版咨询（北京）有限责任公司,北京,4.5-6千/月,10月30日
地面渠道销售副总监,后浪出版咨询（北京）有限责任公司,北京,1-1.5万/月,10月30日
地面渠道大区经理,后浪出版咨询（北京）有限责任公司,北京,1-1.2万/月,10月30日
漫画类图书编辑,后浪出版咨询（北京）有限责任公司,北京,4.5-6千/月,10月30日
心理学图书编辑,后浪出版咨询（北京）有限责任公司,北京,4.5-6千/月,10月30日
日语图书编辑,后浪出版咨询（北京）有限责任公司,北京,6-8千/月,10月30日
经管类图书编辑,后浪出版咨询（北京）有限责任公司,北京,4.5-6千/月,10月30日
人文社科、经济管理、电影、摄影图书编辑,后浪出版咨询（北京）有限责任公司,北京,4.5-6千/月,10月30日
人文社科图书编辑,后浪出版咨询（北京）有限责任公司,北京,6-8千/月,10月30日
少儿英语编辑部主编/副主编,后浪出版咨询（北京）有限责任公司,北京,0.8-1.3万/月,10月30日
教辅图书主编/副主编,后浪出版咨询（北京）有限责任公司,北京,0.8-1.3万/月,10月30日
儿童科普类图书编辑,后浪出版咨询（北京）有限责任公司,北京,6-8千/月,10月30日
儿童文学类图书编辑,后浪出版咨询（北京）有限责任公司,北京,6-8千/月,10月30日
图书编辑,后浪出版咨询（北京）有限责任公司,北京,5-8千/月,10月30日
艺术编辑部副主编,后浪出版咨询（北京）有限责任公司,北京,0.8-1万/月,10月30日
童书编辑部副主编,后浪出版咨询（北京）有限责任公司,北京,0.8-1万/月,10月30日
语言编辑部副主编,后浪出版咨询（北京）有限责任公司,北京,0.8-1万/月,10月30日
医学图书编辑,后浪出版咨询（北京）有限责任公司,北京,6-8千/月,10月30日
日语版权编辑,后浪出版咨询（北京）有限责任公司,北京,6-8千/月,10月30日
国际关系/国际政治图书编辑,后浪出版咨询（北京）有限责任公司,北京,4.5-6千/月,10月30日
儿童教育类图书编辑,后浪出版咨询（北京）有限责任公司,北京,4.5-6千/月,10月30日
天文/航空航天类图书编辑,后浪出版咨询（北京）有限责任公司,北京,4.5-6千/月,10月30日
社会科学图书编辑,后浪出版咨询（北京）有限责任公司,北京,6-8千/月,10月30日
编剧圈运营编辑,后浪出版咨询（北京）有限责任公司,北京,6-8千/月,10月30日
生物学图书编辑,后浪出版咨询（北京）有限责任公司,北京,6-8千/月,10月30日
医学图书编辑,后浪出版咨询（北京）有限责任公司,北京,6-8千/月,10月30日
艺术史图书编辑,后浪出版咨询（北京）有限责任公司,北京,6-8千/月,10月30日
网络渠道销售副总监,后浪出版咨询（北京）有限责任公司,北京,1-1.5万/月,10月30日
地面渠道区域经理,后浪出版咨询（北京）有限责任公司,北京,0.8-1万/月,10月30日
生活类图书编辑,后浪出版咨询（北京）有限责任公司,北京,6-8千/月,10月30日
音乐类图书编辑,后浪出版咨询（北京）有限责任公司,北京,4.5-6千/月,10月30日
大众生活类图书编辑,后浪出版咨询（北京）有限责任公司,北京,4.5-6千/月,10月30日
历史类图书编辑,后浪出版咨询（北京）有限责任公司,北京,6-8千/月,10月30日
撰稿人,广州市开曼信息科技有限公司,广州,4.5-6千/月,10月29日
记者（线下专访）,广州市开曼信息科技有限公司,广州,4.5-6千/月,10月29日
低幼读物编辑部主任,广东太阳花书业发展有限公司,北京,1-1.5万/月,10月29日
低幼读物文字编辑,广东太阳花书业发展有限公司,北京,5-8千/月,10月29日
摄影记者,广东南方法治报有限公司,广州,6-8千/月,10月29日
记者编辑,《宝藏》杂志有限责任公司,北京,6-8千/月,10月27日
记者编辑,《宝藏》杂志有限责任公司,北京,6-8千/月,10月27日
新媒体编辑,《宝藏》杂志有限责任公司,北京,0.6-1万/月,10月27日
英文图书编辑,深圳市艺力文化发展有限公司,深圳,4-7千/月,10月27日
编辑,广东红餐文化传播有限公司,广州,4-6千/月,10月27日
资深记者,广东红餐文化传播有限公司,北京,0.7-1万/月,10月27日
主笔,广东红餐文化传播有限公司,广州,1-1.2万/月,10月27日
新媒体编辑,《宝藏》杂志有限责任公司,北京,0.6-1万/月,10月27日
记者、新媒体运营,《宝藏》杂志有限责任公司,北京,0.6-1万/月,10月27日
文字编辑,《汽车纵横》杂志社有限公司,北京,0.8-1万/月,10月26日
高级编辑,《汽车纵横》杂志社有限公司,北京,0.8-1万/月,10月26日
编辑记者,零售世界杂志,北京,6-8千/月,10月26日
编辑记者,《劳动保护》杂志社,北京,6-8千/月,10月26日
责任编辑,北京全景地理书业有限公司,北京,0.6-1.2万/月,10月26日
语文编辑/质检员,北京世纪鼎尖教育图书有限公司,北京,4.5-6千/月,10月26日
新媒体专员（图书营销编辑）,中国致公出版社,北京,6-8千/月,10月26日
图书产品经理,中国致公出版社,北京,6-8千/月,10月26日
图书营销编辑,中国致公出版社,北京,6-8千/月,10月26日
策划编辑,中国致公出版社,北京,0.8-1万/月,10月26日
图书编辑,北京若愚文化发展有限公司,北京,0.6-1万/月,10月26日
美术图书总编辑（美术院校毕业，出版社经历）,北京若愚文化发展有限公司,北京,0.8-1.5万/月,10月26日
图书选题策划编辑,北京若愚文化发展有限公司,北京,10-15万/年,10月26日
科技媒体编辑或评测编辑,北京普瑞杰特信息技术有限公司,北京,6-8千/月,10月26日
科普组 策划编辑,北京全景地理书业有限公司,北京,0.6-1.2万/月,10月26日
编辑记者,零售世界杂志,北京,0.8-1万/月,10月25日
编辑部主任,广州市京教文化传播有限公司,广州,0.8-1万/月,10月24日
资深新媒体编辑 (Senior Digital Editor),上海康泰纳仕广告有限公司,北京,1.5-2千/月,11月22日
助理实习编辑,广东省出版集团数字出版有限公司,广州,1.5-2千/月,11月22日
副总编辑,中国优质农产品开发服务协会,北京,1.5千以下/月,11月22日
大数据记者,政府采购信息网,北京,4-8千/月,11月22日
有声产品编辑（实习职位）,读客文化股份有限公司,上海,2-3千/月,11月22日
中国医院院长杂志 新媒体采编,卓信医学传媒集团,北京,4-8千/月,11月21日
实习记者,中国新闻社浙江分社,杭州,1.5千以下/月,11月21日
助理编辑（实习）,广州天闻角川动漫有限公司,广州,1.5-1.5千/月,11月20日
实习生（美术编辑、实习编辑等）,中信出版集团股份有限公司,上海,1.5-2千/月,11月8日
实习记者编辑,《宝藏》杂志有限责任公司,北京,2-3千/月,10月27日