职位,公司名,地点,薪酬,发布时间
市场运行机制研究岗,上海期货与衍生品研究院有限责任公司,上海-浦东新区,30-40万/年,11-09
综合研究岗,上海期货与衍生品研究院有限责任公司,异地招聘,20-30万/年,11-13
综合研究岗,上海期货与衍生品研究院有限责任公司,上海-浦东新区,20-30万/年,11-13
Java架构师,买又买电子商务科技（深圳）有限公司,深圳-龙华新区,2-2.5万/月,11-13
量化研究岗,上海期货与衍生品研究院有限责任公司,上海-浦东新区,30-40万/年,11-13
理财规划师,上海虎裕股权投资基金有限公司,上海-浦东新区,6-8千/月,11-15
新媒体营销,心喜阅信息咨询（深圳）有限公司,深圳-南山区,0.6-1.5万/月,11-15
反欺诈总监（互联网金融）,上海二三四五网络科技有限公司,上海-浦东新区,4-6万/月,11-15
大数据开发（数据挖掘/处理）,上海浦东发展银行股份有限公司信用卡中心,上海-浦东新区,1.5-3.5万/月,11-15
Web前端开发工程师,广州润宝信息科技有限公司,广州-荔湾区,1-1.2万/月,11-15
数据分析师-01722,北京比特大陆科技有限公司,北京-海淀区,2-4万/月,11-15
高级量化分析工程师,上海数旦信息技术有限公司,上海-徐汇区,2-3万/月,11-15
高级国际会议策划专员,希迈商务咨询（上海）有限公司,上海-浦东新区,0.7-1.5万/月,11-15
金融实习生,上海茂典资产管理有限公司,上海,1.5-2千/月,11-15
策划编辑,北京八本坊文化传播有限公司,北京-海淀区,6-8千/月,11-15
证券事务部高级经理,同美企业管理集团有限公司,北京-朝阳区,2-2.5万/月,11-15
科创板实习研究员,上海本翼资产管理有限公司,上海-浦东新区,1.5-2千/月,11-15
财经编辑&记者,北京法链科技有限公司,北京-海淀区,1.5-2万/月,11-15
医学编辑,北京医美讯医药信息咨询有限公司,北京-朝阳区,0.8-1万/月,11-15
留学生储备管理（带薪培训）,徽仁M盈资产管理（上海）有限公司,上海-静安区,0.8-1万/月,11-15
固定收益部债券承揽岗,东亚前海证券有限责任公司,上海-浦东新区,25-50万/年,11-15
大数据开发工程师,广州艾米会电子商务有限公司,广州-天河区,1-1.5万/月,11-15
高级数据分析师,银联智惠信息服务（上海）有限公司,上海-浦东新区,2.5-3万/月,11-15
医药行业投资总监,浙江华海投资管理有限公司,上海-浦东新区,3-5万/月,11-15
国际学术合作专员,上海东闻文化传媒有限公司,上海-浦东新区,0.8-1万/月,11-15
策划编辑,中国纺织出版社,北京-朝阳区,6-8千/月,11-15
机器学习算法研发工程师,北京飞鱼科技有限公司,北京-海淀区,2-3.5万/月,11-15
资深数据挖掘专家（风险管理）,上海北溟数据科技有限公司,上海-浦东新区,2-4万/月,11-15
资产管理师,深圳市前海芯邦创新投资有限公司,深圳-南山区,15-20万/年,11-15
高级PHP开发工程师,深圳一号钻电子科技有限公司,深圳-罗湖区,2-3万/月,11-15
计算机图书编辑,北京华章图文信息有限公司（机械工业出版社华章公司）,北京-西城区,6-8千/月,11-15
二级业务团队负责人,西部信托有限公司,杭州,,11-15
行政综合,江海证券有限公司深圳分公司,深圳-福田区,0.8-1.5万/月,11-15
投资总监,深圳前海与君金融控股有限公司,深圳-南山区,2-5万/月,11-15
外汇管理编辑,中国外汇管理杂志社,北京,0.8-1万/月,11-15
信用研究主管,创金合信基金管理有限公司,深圳-福田区,10万以上/月,11-15
股票研究员/上市公司研究员/行业研究员,广州市好投投资管理有限公司,广州-天河区,10-20万/年,11-15
视觉设计师,品效合一（广州）传媒有限公司,广州-天河区,1-1.8万/月,11-15
质量控制岗--研究所,西藏东方财富证券股份有限公司,上海-徐汇区,1.5-2万/月,11-15
研投中心实习研究员,建信期货有限责任公司,上海-浦东新区,1.5-2千/月,11-15
期权研究员,深圳前海中移华捷投资管理有限公司,深圳-福田区,1-5万/月,11-15
AI架构师,大地零一（深圳）科技有限公司,深圳,,11-15
产品经理（无人驾驶高精地图）,上海图趣信息科技有限公司（Wayz.ai）,上海-浦东新区,2-4万/月,11-15
投行项目经理/项目助理,上海淳实资产管理有限公司,上海-静安区,0.5-1万/月,11-15
英文医学编辑,北京轩银瑞华文化传播有限公司,北京,0.8-1万/月,11-15
资深编辑,中欧商业在线,上海,0.8-1.5万/月,11-15
AliJapan-天猫国际-聚划算运营专员,阿里巴巴集团,杭州,,11-15
地方部高级研究员,人民网股份有限公司,北京-朝阳区,0.8-1万/月,11-15
资深产品经理（财富规划系统方向）,国金证券股份有限公司,上海-浦东新区,2.5-3万/月,11-15
Junior Data Scientist,网驰（上海）网络科技有限公司,上海-黄浦区,0.8-1万/月,11-15
媒介部总监,上海远播教育科技股份有限公司,上海-徐汇区,2-3万/月,11-15
CEO助理（公关方向）,杭州行至云起科技有限公司,杭州-滨江区,1-2万/月,11-15
金融讲师,上海扶诚金融信息技术服务有限公司,上海-普陀区,0.8-2.5万/月,11-15
基金产品研究员,上海梵潇网络科技有限公司,上海-浦东新区,0.8-1万/月,11-15
投管经理（人力尽调方向）,深圳澳银资本管理有限公司,深圳-南山区,0.9-1.5万/月,11-15
产品经理（量化）,杭州同花顺数据开发有限公司,异地招聘,0.9-2万/月,11-15
基金经理/业务总监,广东东方盛世可再生能源产业基金管理有限公司,深圳-南山区,1.5-2.5万/月,11-15
中文/策划编辑,上海国际酒业交易中心股份有限公司,上海-虹口区,6-8千/月,11-15
投资总监（医疗健康产业方向）,上海盛宇股权投资基金管理有限公司,上海-徐汇区,1-3万/月,11-15
产品及市场运行维护岗（2019届应届生）,上海期货交易所,异地招聘,,11-15
Senior analyst,广州艾媒数聚信息咨询股份有限公司,广州,15-20万/年,11-15
数据分析 Python,深圳市中投兴业有限公司,深圳-福田区,1.5-2万/月,11-15
利率衍生品做市交易经理,国海证券股份有限公司,深圳-福田区,2-3千/月,11-15
合规专员（北京）,国信证券人力资源总部,北京,1-1.5万/月,11-15
Peer Review Manager,Taylor & Francis Group(泰勒弗朗西斯出版集团),北京-海淀区,1.5-2万/月,11-15
责任编辑,北京博宏裕邦经济信息咨询中心,北京-西城区,0.8-1.5万/月,11-15
另类投资项目经理,太平养老保险股份有限公司,上海-浦东新区,,11-15
量化交易策略师,金瑞期货股份有限公司,深圳-福田区,1.5-4万/月,11-15
投资助理,深圳市安卓信创业投资有限公司,深圳-南山区,0.8-1万/月,11-15
投资顾问（央企编制）,招商证券股份有限公司上海上南路证券营业部,上海-浦东新区,1.5-2万/月,11-15
财富顾问,招商证券股份有限公司北京建国路证券营业部,北京-朝阳区,1-1.5万/月,11-15
机械、汽车、电力设备组研究员,深圳市裕晋投资有限公司,深圳,1-1.5万/月,11-15
投资经理,北京建广资产管理有限公司,北京,1-1.5万/月,11-15
大数据研发工程师,“前程无忧”51job.com（上海）,上海,,11-15
海归精英计划管理培训生（产品运营方向）,上海益慎资产管理有限公司,上海-静安区,6-8千/月,11-15
平台架构师,暗物智能科技（广州）有限公司,广州-南沙区,30-60万/年,11-15
行业研究组长,上海银科创展投资集团有限公司,上海-浦东新区,3-6万/月,11-15
综合金融经理人,中国人寿保险股份有限公司杭州市分公司,杭州-下城区,1-1.5万/月,11-15
活动策划及媒体运营经理,广州九州塔苏斯展览有限公司,广州,0.8-1.2万/月,11-15
投行综合业务专员,上海益慎资产管理有限公司,上海-静安区,6-8千/月,11-15
NLP算法工程师,字节跳动,上海,3-6万/月,11-15
反洗钱业务岗,招商证券股份有限公司,异地招聘,1.5-2万/月,11-15
私募基金研究员,上海舒克资产管理有限公司,上海,2-3万/月,11-15
大数据业务总监,杭州天翼智慧城市科技有限公司,杭州,30-40万/年,11-15
高级副总裁,前海华业投资集团有限公司,广州-天河区,3-5万/月,11-15
风险经理,上海通华金科投资控股有限公司,上海-浦东新区,1.5-2.5万/月,11-15
国际收支高级研究员（图书馆驻馆方向）,博M投资咨询（香港）有限公司,上海-浦东新区,1.2-1.4万/月,11-15
量化投资实习生,因诺（上海）资产管理有限公司,北京-西城区,4.5-6千/月,11-15
量化研究员,上海维尘商务咨询有限公司,上海-静安区,35-45万/年,11-15
风险数据分析岗,上海数禾信息科技有限公司,上海-浦东新区,1-2万/月,11-15
NLP开发科学家,上海泛微网络科技股份有限公司,上海-闵行区,4-5万/月,11-15
Web前端开发工程师,解放军报,北京-西城区,0.8-1.2万/月,11-15
高级医学编辑（上海）,观澜网络(杭州)有限公司--丁香园,上海-静安区,1.5-2万/月,11-15
权益投资经理,长江养老保险股份有限公司,上海-浦东新区,3-5万/月,11-15
人工智能算法工程师（自然语言方向）,维升（天津）企业管理有限公司,北京-海淀区,40-50万/年,11-15
XLW-金融产品管理经理(项目管理及实施),深圳前海微众银行股份有限公司,深圳,1.5-2万/月,11-15
金融研究员,上海云经邦教育投资有限公司,上海,0.8-1万/月,11-15
投资经理（生物医药）,清华珠三角研究院,广州-黄埔区,1.5-3万/月,11-15
信用业务风险管理岗,中山证券有限责任公司,深圳,1-2万/月,11-15
有色金属研究员,新晟期货有限公司,广州,5-7千/月,11-15
数据建模总监,上海厚本金融信息服务有限公司,上海-浦东新区,3-4万/月,11-15
算法研发工程师（图像识别方向）（2019校园招聘）,爱云校,广州-天河区,1-1.5万/月,11-15
量化研究员,深圳嘉石大岩资本管理有限公司,深圳-福田区,1.5-2千/月,11-15
期权量化分析师,西部期货有限公司,上海-浦东新区,0.8-1.5万/月,11-15
产品助理,私募排排网,深圳,0.8-1万/月,11-15
投资总监,广州中合盛源基金管理合伙企业（有限合伙）,广州,20-35万/年,11-15
算法工程师,上海腾道信息技术有限公司,上海-浦东新区,1.5-2万/月,11-15
数据分析师,深圳投哪金融服务有限公司,深圳-福田区,2-3万/月,11-15
投资助理,广东中大创业投资管理有限公司,广州-天河区,4.5-6千/月,11-15
投研经理,上海万迪投资有限公司,上海-浦东新区,1-1.5万/月,11-15
股票投资经理,湖州越球电机有限公司,上海-闵行区,3-4万/月,11-15
期权量化分析员,海证期货有限公司,上海-虹口区,0.8-1万/月,11-15
信用研究员,上海达仁资产管理有限公司,上海-黄浦区,1-1.5万/月,11-15
销售部 机构销售经理,天津远策投资管理有限公司,北京-海淀区,1-2万/月,11-15
职业经理人（海外留学者）,上海益慎资产管理有限公司,上海-静安区,6-8千/月,11-15
行业研究员,上海帆茂投资管理有限公司,北京,0.8-1万/月,11-15
期货研究员（黑色/化工/农产品/有色）,上海览益信息科技有限公司,上海-静安区,1-2.5万/月,11-15
中文编辑,广州道朗教育信息咨询有限公司,广州,1-1.2万/月,11-15
高级产品经理（数据分析方向）,筑客网络技术（上海）有限公司,上海-黄浦区,1.5-3万/月,11-15
总公司 资产管理部 信用评估岗,陆家嘴国泰人寿保险有限责任公司,上海-浦东新区,20-30万/年,11-15
资产管理顾问,宏飞国际投资咨询（深圳）有限公司,深圳-福田区,1-1.5万/月,11-15
Senior Data Analyst,韩领网络科技（上海）有限公司,上海-浦东新区,1.5-2.5万/月,11-15
高级经理（FA） 清科资本,清科集团,北京-朝阳区,1.5-2.2万/月,11-15
文字编辑,上海盛尚文化传播有限公司,上海-普陀区,6-9千/月,11-15
原创编辑/撰稿人/作家/写手,杭州爱来屋电子商务有限公司,杭州-江干区,0.8-1.5万/月,11-15
金融机构投并购经理,绿地金融投资控股集团有限公司,上海-黄浦区,,11-15
宏观研究员,上海鸿网电子商务有限公司,上海-嘉定区,1-2万/月,11-15
2017/2018毕业生产品设计(产品经理),深圳市金证科技股份有限公司,深圳-南山区,1-1.5万/月,11-15
品牌公关事业部总经理,深圳市迪蒙网络科技有限公司,深圳-罗湖区,2-2.5万/月,11-15
产业链研究员,北京首创期货有限责任公司,北京-西城区,0.8-1万/月,11-15
行业研究员,上海有色网信息科技股份有限公司,上海-浦东新区,0.8-1万/月,11-15
投融资专员,建元未来城市投资发展有限公司,北京-朝阳区,6-8千/月,11-15
公关部部长助理,北京蓝色时代国际公关顾问有限公司,北京-朝阳区,0.7-1.2万/月,11-15
风控总监,深圳前海新华丝路基金管理有限公司,上海-浦东新区,1-2万/月,11-15
策划编辑/营销编辑,上海凤凰颐合文化发展有限公司,上海-普陀区,1-2万/月,11-15
投资经理（PE方向）,玺萌资产控股有限公司,北京-丰台区,1-2万/月,11-15
总编辑助理,中信出版集团股份有限公司,上海-徐汇区,0.8-1.5万/月,11-15
视觉算法工程师,北京主线科技有限公司,北京,2.5-4.5万/月,11-15
行业研究员,THE BLOCKCHAINER TECHNOLOGY PTE.LTD./区块链人科技（新加坡）有限公司,上海-浦东新区,1-1.5万/月,11-15
风控经理（股权投资方向）,中保控股集团有限公司,广州-天河区,1-2万/月,11-15
大数据分析师,上海文军信息技术有限公司,上海,2.5-3万/月,11-15
语音识别高级工程师,上海互问信息科技有限公司,上海-浦东新区,2.5-5万/月,11-15
FOF基金研究员,浙江臻博睿资产管理有限公司,杭州-上城区,1-1.5万/月,11-15
信息安全工程师,浙江诺诺网络科技有限公司,杭州,1.5-2.5万/月,11-15
总编室管理岗,中国盲文出版社,北京,3-6千/月,11-15
资管业务研究员,中融汇信期货有限公司,上海-浦东新区,6-8千/月,11-15
金融工程研究员,新华基金管理股份有限公司,北京,2-2.5万/月,11-15
人脸识别算法工程师,杭州英尼网络技术有限公司,杭州-江干区,1.5-3万/月,11-15
投资总监,威富通科技有限公司,深圳-南山区,2.5-5万/月,11-15
海外渠道运营(J10527)--途家网2019秋季校园招聘,途家网网络技术（北京）有限公司,北京-朝阳区,1-1.5万/月,11-15
研究员,深圳市和晟投资有限公司,深圳,1-2万/月,11-15
软件研发总监,国广中播传媒技术有限公司,北京-石景山区,3-4万/月,11-15
配送业务研发工程师（Go/PHP）(J180809023),滴滴出行,北京-海淀区,3-4万/月,11-15
基金董事总经理,北京鑫根投资管理有限公司,上海-浦东新区,3-5万/月,11-15
研究所 所长,上海好伯人力资源咨询有限公司,上海,100-150万/年,11-15
高级投资经理--北京（异地招聘）,北京甲乙丙资产管理有限公司,异地招聘,30-40万/年,11-15
人工智能产品经理,竹间智能科技（上海）有限公司,上海,1.5-3万/月,11-15
高薪诚聘营运总监,深圳市太古资产管理有限公司,深圳,2.5-3万/月,11-15
投资总监（工科类专业）,燕园资本集团,杭州,2-3万/月,11-15
私人银行理财经理,国信证券深圳深南中路证券营业部,深圳-南山区,0.8-1万/月,11-15
内容运营专家（心理学方向）,浙江连信科技有限公司,杭州-滨江区,1-1.5万/月,11-15
投资及资本运作助理,波奇网,上海-浦东新区,0.5-1.2万/月,11-15
00050-分析师（评级技术与质量管理部）,中诚信国际信用评级有限责任公司,北京,0.9-1.2万/月,11-15
视觉软件开发工程师,金色未来,上海-黄浦区,2.5-3万/月,11-15
中英文编辑记者（新华万维公司）,新华书店总店,北京-西城区,0.6-1万/月,11-15
助理分析师,艾瑞咨询集团,上海-徐汇区,1-1.5万/月,11-15
英文课程编辑,深圳市阿卡索资讯股份有限公司,深圳-罗湖区,8-9千/月,11-15
风险控制部高级经理,北京海淀科技金融资本控股集团股份有限公司,北京,1.5-2万/月,11-15
.net 软件开发工程师（实习生）,上海霭美信息技术服务有限公司,上海-徐汇区,3-5千/月,11-15
研究员/高级研究员,深圳中力知识科技有限公司,深圳-罗湖区,1-1.5万/月,11-15
项目总监/副总监,广东国泽股权投资管理有限公司,广州-天河区,20-30万/年,11-15
机器学习工程师,博彦科技股份有限公司,北京-海淀区,1.5-3万/月,11-15
投资管理岗,上海用友产业投资管理有限公司,异地招聘,1.5-2万/月,11-15
研究员,天和思创投资管理有限公司,异地招聘,1-2万/月,11-15
金融产品经理（股票）,上海恒生聚源数据服务有限公司,上海,1.5-2万/月,11-15
医学编辑,脉凌医学传播机构,上海-静安区,0.6-1.2万/月,11-15
数据挖掘工程师,和信电子商务有限公司,北京,1-2万/月,11-15
图片编辑,唯存（上海）网络科技有限公司,上海-黄浦区,2-2.5万/月,11-15
汽车电子产品PM,虹软公司,杭州,1.5-3万/月,11-15
宏观经济助理研究员,华信期货股份有限公司,北京-西城区,6-9千/月,11-15
投资经理,上海双创投资中心,上海-黄浦区,2-3万/月,11-15
风险分析师,众安在线财产保险股份有限公司,深圳-南山区,1-2万/月,11-15
产品经理,慧学教育科技（北京）有限公司,北京-朝阳区,0.9-1.5万/月,11-15
产品经理（金融机构）,深圳国泰安教育技术有限公司,深圳-南山区,0.8-1.2万/月,11-15
数据分析师,深圳市乐易网络股份有限公司,深圳-南山区,1.5-3万/月,11-15
音频系统软件工程师,北京小鱼易连科技有限公司,北京-朝阳区,1.5-3万/月,11-15
建模分析师,聚信立,上海-徐汇区,1.5-2万/月,11-15
股权投资经理,深圳市红隼资本管理有限公司,深圳-福田区,2-2.5万/月,11-15
策略分析岗,深圳前海大数金融服务有限公司,深圳-南山区,20-40万/年,11-15
行业研究员,上海摩高投资有限公司,上海-浦东新区,1-1.5万/月,11-15
机器学习开发工程师(Machine Learning Engineer),创络（上海）数据科技有限公司,上海-徐汇区,2.5-3万/月,11-15
投融资经理,上海点掌文化传媒股份有限公司,上海,1-1.5万/月,11-15
PPP项目融资经理,远东宏信有限公司/远东国际租赁有限公司,上海-浦东新区,1.5-2万/月,11-15
工商分析师,联合资信评估有限公司,北京,0.7-1.2万/月,11-15
Junior Economist 经济研究员,易唯思商务咨询（上海）有限公司,上海,0.8-1.5万/月,11-15
图像算法工程师,深圳市泽宝电子商务股份有限公司,深圳-龙岗区,1.8-2.5万/月,11-15
Financial Products Research,星华隆咨询（上海）有限公司,上海-虹口区,1-2万/月,11-15
量化研究员（基金研究方向),搜股（北京）科技有限公司,上海-静安区,0.6-1.2万/月,11-15
产品总监,万豪股权投资基金管理有限公司,深圳-福田区,2.5-3万/月,11-15
记者（基本面方向）,证券市场红周刊,北京,1-1.5万/月,11-15
数据分析助理（非销售）双休 五险,北京万向通汇投资有限公司,北京-东城区,1-1.5万/月,11-15
AI工程师（人工智能语言）,慧名（深圳）科技有限公司,深圳-南山区,2-3万/月,11-15
Journal Development Editor (Applied Science),麦克米伦信息咨询服务（上海）有限公司,北京-海淀区,1.2-1.8万/月,11-15
大数据专家,杭州希瑞企业管理咨询有限公司,杭州-余杭区,30-60万/年,11-15
港股研究员-非周期性行业,"汇丰晋信基金管理有限公司 HSBC Jintrust Fund Management Co.,Ltd",上海-浦东新区,1.5-2万/月,11-15
PR & Outreach Manager,深圳市逸凡科技有限公司,深圳-福田区,7-9千/月,11-15
行业研究员,米道（上海）投资有限公司,上海-徐汇区,0.8-1万/月,11-15
国际业务客户经理,申银万国期货有限公司,上海,20-30万/年,11-15
投资分析师（医疗）,杭州千毅杰睿投资管理有限公司上海分公司,上海-黄浦区,1-1.5万/月,11-15
英文编辑-外研在线（测评）,北京外研在线教育科技有限公司,北京,0.8-1万/月,11-15
研究员,北京能见科技发展有限公司,北京-西城区,0.6-2万/月,11-15
数据挖掘工程师（应届毕业生/实习生）,YOHO!有货（江苏）商贸服务有限公司,北京-朝阳区,5-10万/年,11-15
投行VP/FA（高科技方向）,上海引创金融信息服务有限公司,异地招聘,2.5-3.5万/月,11-15
数据分析师,杭州斯凯网络科技有限公司,杭州,1-2万/月,11-15
股票分析师（电子）,上海申银万国证券研究所有限公司,上海,0.8-1万/月,11-15
投资银行部副总监（IPO项目）,深银信投资集团有限公司,上海-长宁区,2.5-6万/月,11-15
投行总监,中泰金控国际控股有限公司,北京-西城区,2-5万/月,11-15
高级财务分析师,浙江舞台设计研究院有限公司,杭州,0.8-2.5万/月,11-15
新闻编辑记者,《教育家》编辑部,北京-西城区,0.6-1万/月,11-15
投资助理,金元顺安基金管理有限公司,上海-浦东新区,6-8千/月,11-15
Investment Analyst,弗若斯特沙利文（北京）咨询有限公司上海分公司,深圳-福田区,1-2万/月,11-15
风险政策顾问(001927),瓜子二手车,北京-海淀区,1.5-2万/月,11-15
编辑实习生,童趣出版有限公司,北京,,11-15
中文编辑（国际部）,新华网股份有限公司,北京-西城区,0.8-1万/月,11-15
商业平台-资深机器学习研究员,北京搜狗科技发展有限公司,异地招聘,4-6万/月,11-15
助理研究员（应届）,链盟（上海）数字科技有限公司,上海-静安区,0.7-1万/月,11-15
投资总监（医养健康方向）,云南滇商股权投资基金管理有限公司,深圳-南山区,40-50万/年,11-15
大数据研发工程师,京创智汇（上海）物流科技有限公司,上海-杨浦区,30-40万/年,11-15
区块链研究员（ETH）,夸克链科技（深圳）有限公司,深圳-南山区,5-10万/月,11-15
基金总监,和灵投资管理（北京）有限公司,上海-浦东新区,3-5万/月,11-15
实习生,华软资本管理集团,北京-朝阳区,3-4.5千/月,11-15
算法研究员,上海孝庸资产管理有限公司,上海-徐汇区,1.2-2.5万/月,11-15
营养学编辑,杭州舒奈尔天然纤维科技有限公司,杭州-西湖区,6-8千/月,11-15
债券承做岗,华林证券股份有限公司,深圳-福田区,1-1.5万/月,11-15
研究员（研究部）,浙江浙商国际金融资产交易中心股份有限公司,上海-静安区,1-1.5万/月,11-15
高级活动策划专员,北京汇通金财信息科技有限公司,北京-西城区,2-4万/月,11-15
管培生,国益（上海）商业保理有限公司,上海-浦东新区,7-8千/月,11-15
项目承揽岗,天风证券股份有限公司,上海,1.5-2万/月,11-15
GPU软件工程师,软视视频软件（杭州）有限公司,杭州-西湖区,1.5-3万/月,11-15
首席宏观分析师,深圳市前海诚帮金融服务有限公司,深圳-南山区,100万以上/年,11-15
投资分析师,拓天伟业（北京）资产管理有限公司,北京-丰台区,1-2万/月,11-15
行业研究助理,贵安恒信融资租赁（上海）有限公司,上海-黄浦区,0.8-1万/月,11-15
研究总监,浙江东企控股有限公司,杭州,60-80万/年,11-15
证券事务助理,北京数知科技股份有限公司,北京-海淀区,5-8千/月,11-15
债券策略投资总监/经理,上海天双资产管理有限公司,上海-浦东新区,2.5-5万/月,11-15
投资一部――投资经理,上海彼友文化发展集团有限公司,上海-浦东新区,1-1.5万/月,11-15
产品经理（债券策略）,上海陆浦投资管理集团有限公司,上海-浦东新区,50-60万/年,11-15
期货外汇研究员,上海俊芮网络科技股份有限公司,上海-浦东新区,1.5-3万/月,11-15
权益投资总监,友山基金管理有限公司,上海-浦东新区,50-60万/年,11-15
语音识别技术经理,数据堂（北京）科技股份有限公司,北京-海淀区,2-2.5万/月,11-15
新发卡风险政策分析师,广州银行信用卡中心,广州-天河区,0.7-1.5万/月,11-15
新传媒,北京四海华章科技发展有限公司,北京-海淀区,0.8-1.5万/月,11-15
投资总监（CTA策略）,国道资产管理（上海）有限公司,上海-徐汇区,1.5-5万/月,11-15
产品研发经理+心理学方向,杭州袋虎信息技术有限公司,杭州-滨江区,1-2万/月,11-15
杭实资管投资经理,杭实国贸投资（杭州）有限公司,杭州-江干区,15-20万/年,11-15
基金经理,杭州开阳星基金管理有限公司,杭州-江干区,1.2-2.4万/月,11-15
医疗产品经理,康美健康云服务有限公司,深圳,1.3-2.5万/月,11-15
基金营运基金,上海城创投资管理股份有限公司,上海-黄浦区,1.5-2万/月,11-15
名家工作室助理,游读会网络科技（上海）有限公司,上海-杨浦区,6-30万/年,11-15
AI工程师（自然语言处理NLP）,深圳市小满科技有限公司,深圳-南山区,2.5-4.5万/月,11-15
产品经理（智能金融方向）,万得信息技术股份有限公司（Wind资讯）,上海-浦东新区,1.5-2.5万/月,11-15
私募股权投资经理-JCL,深圳瀚德金融科技控股有限公司,深圳-南山区,1.2-1.5万/月,11-15
金融经济类,中关村发展集团股份有限公司,北京,,11-15
招聘培训经理（HR BP）,招商证券股份有限公司上海世纪大道证券营业部,上海,1-1.5万/月,11-15
地产项目投资经理,蓝城梧泉建设管理有限公司,上海,20-40万/年,11-15
期权研究员,方正中期期货有限公司,北京-西城区,0.8-1万/月,11-15
地产项目投资经理,蓝城梧泉投资控股有限公司,上海-浦东新区,20-40万/年,11-15
政策分析专员-CEO office02,微医集团,北京-朝阳区,1.5-2万/月,11-15
财富顾问（开发区、增城）,国信证券广州分公司,广州-增城,0.7-1.4万/月,11-15
资本运作管培生（2019校招）,广州无线电集团有限公司,广州-天河区,0.6-1万/月,11-15
期货操盘手,杭州柒念网络科技有限公司,杭州-江干区,1-1.5万/月,11-15
基金研究员,上海长量基金销售投资顾问有限公司,上海,1-1.8万/月,11-15
运营管理专员,深圳泛员网网络科技有限公司,深圳-福田区,6-8千/月,11-15
战略规划部-运营管理岗（税延养老险平台）,中国保险信息技术管理有限责任公司,北京,10-50万/年,11-15
中文编辑,北京京师普教文化传媒有限公司,北京-海淀区,6-8千/月,11-15
投资总监,君鼎（北京）投资管理有限公司,北京-朝阳区,18-24万/年,11-15
投行项目 助理实习生,渤海证券股份有限公司,上海,1.5千以下/月,11-15
英文采编,北京中加国道科技有限责任公司,北京-海淀区,6-8千/月,11-15
风控总监,杭州十棱投资管理有限公司,杭州-滨江区,2-2.5万/月,11-15
语义SLAM算法工程师,广东星舆科技有限公司,异地招聘,2-2.5万/月,11-15
期权交易员（场外衍生品）,永安期货股份有限公司,杭州-江干区,8-10万/年,11-15
英语音像编辑兼管理人员,北京对外经济贸易大学出版社有限责任公司,北京-朝阳区,6-8千/月,11-15
助理投资经理,凯银投资管理有限公司,杭州,0.8-1万/月,11-15
期货投资研究员,杭州傲润科技有限公司,杭州-江干区,1-3万/月,11-15
风控总监,上海都颖股权投资基金管理有限公司,上海-浦东新区,2.5-3万/月,11-15
风险监测岗,中国平安财产保险股份有限公司,深圳-福田区,28-33万/年,11-15
初级行业研究员(10019134),宜信公司,北京-朝阳区,6-9千/月,11-15
业务管理经理(10023053),宜信普惠信息咨询（北京）有限公司,北京,1.5-2万/月,11-15
策略分析专员(10023567),宜信普诚信用管理（北京）有限公司,北京-朝阳区,0.8-1万/月,11-15
investment consulant 3276,宜信卓越财富投资管理（北京）有限公司,上海-长宁区,2.5-3万/月,11-15
信息安全研究员（深圳）,平安科技（深圳）有限公司,深圳-福田区,2-2.5万/月,11-15
国外网站医学编辑专家,微软在线,上海-黄浦区,2-2.5万/月,11-15
量化开发工程师,中国国际金融股份有限公司,北京,,11-15
私募股权投资总监&合伙人,宽众投资（北京）有限公司,北京-海淀区,3.5-6.5万/月,11-15
期权交易员,华泰长城资本管理有限公司,异地招聘,1-3万/月,11-15
战略规划岗,景顺长城基金管理有限公司,深圳,5-5.5千/月,11-15
资本市场部综合岗,华创证券有限责任公司投资银行部,深圳-福田区,6-8千/月,11-15
风险管理部-风控岗,东证润和资本管理有限公司,上海-黄浦区,0.6-1.5万/月,11-15
研究咨询总监,亚洲金属网,北京-朝阳区,2-4万/月,11-15
量化研究员,北京信复创值投资管理有限公司,北京-西城区,15-25万/年,11-15
机构专业中台,中银基金管理有限公司,上海,1-1.5万/月,11-15
投资项目经理,浙江复聚投资管理有限公司,杭州-西湖区,0.8-2万/月,11-15
数学编辑,接力出版社,北京,20-30万/年,11-15
金融产品与系统研究员,北京风软技术有限公司,北京,0.8-1.8万/月,11-15
副总裁级投资经理（MD序列）,中泰证券股份有限公司上海花园石桥路证券营业部,上海-浦东新区,1.2-1.8万/月,11-15
心理测量,深圳从心开始科技有限公司,深圳-福田区,0.8-1.3万/月,11-14
投资经理,广州谢诺投资管理有限公司,广州-天河区,10-12万/年,11-14
数据分析专员  留学生首选,北京越铖国际科技有限公司,北京-丰台区,1-1.5万/月,11-14
风险经理,中交建融租赁有限公司,上海,20-30万/年,11-14
营销经理(金融),深圳市前海一方供应链管理有限公司,深圳-福田区,1-1.5万/月,11-14
股指研究员,国海良时期货有限公司,杭州,6-8千/月,11-14
基金产品经理,格林集团投资有限公司,北京-西城区,1-1.5万/月,11-14
风险管理子公司-衍生品风控岗,中信期货有限公司,上海,0.8-1.6万/月,11-14
基金产品经理（前端设计）,上海朝阳永续信息技术股份有限公司,上海-浦东新区,1-1.5万/月,11-14
股指期货研究员,东海期货有限责任公司,上海-浦东新区,15-20万/年,11-14
高级视频研发工程师 (MJ001061),欢聚时代（多玩YY）,广州-番禺区,2-4万/月,11-14
高级投资经理（二级市场）,浙江景裕资产管理有限公司,杭州,15-30万/年,11-14
宏观经济研究员,北京国研网信息有限公司,北京-东城区,0.6-1万/月,11-14
产品运营总监,房天下,北京-丰台区,1.5-2万/月,11-14
机构理财经理,富舜资产管理（上海）有限公司,上海-浦东新区,0.8-2.5万/月,11-14
行业研究员,大成基金管理有限公司,深圳-福田区,2.5-3万/月,11-14
心理学编辑,中国人民大学书报资料中心,北京-海淀区,8-10万/年,11-14
H5游戏前端开发主程（游戏）,广州汇量信息科技有限公司,北京-朝阳区,3-4万/月,11-14
内容与研究总监,二十一世纪晨哨数据（上海）有限公司,上海-普陀区,4-5万/月,11-14
自然语言处理工程师,杭州涂鸦信息技术有限公司,杭州-西湖区,2-4万/月,11-14
外语词典教材编辑,上海译文出版社有限公司,上海,6-8千/月,11-14
金融产品经理,上海诺亚金融服务有限公司,上海-杨浦区,1.3-1.5万/月,11-14
股票组合研究员（急招）,上海涵基投资管理有限公司,上海-徐汇区,0.5-1万/月,11-14
高级投资经理,深圳市丹桂顺资产管理有限公司,北京-西城区,1.2-1.5万/月,11-14
并购融资部-并购业务岗2,海通证券全国总部,杭州,,11-14
上海海通证券资产管理有限公司-高级风控经理,上海海通证券资产管理有限公司,上海,,11-14
海通创新证券投资有限公司-投资经理,海通创新证券投资有限公司,上海,,11-14
海通吉禾股权投资基金管理公司-投资经理/并购业务经理,子公司,上海,,11-14
海通创意资本管理有限公司-高级投资经理,海通创意资本管理有限公司,上海,,11-14
科技英语编辑(理工科-研究生),ETW 国际,上海-浦东新区,6-8千/月,11-14
算法工程师/深度学习研究员,上海悠络客电子科技股份有限公司,上海-徐汇区,2.5-4万/月,11-14
新媒体医学编辑,中国医学论坛报社,北京-西城区,1-1.5万/月,11-14
基金研究员(私募）,国信期货有限责任公司,上海-虹口区,1.5-2万/月,11-14
基金经理,长安基金管理有限公司,上海-浦东新区,4-5万/月,11-14
海外投资经理,龙树资本管理股份有限公司,上海-长宁区,1.5-2.5万/月,11-14
量化研究员,上海量锐信息科技有限公司,上海-黄浦区,2-2.5万/月,11-14
语音识别研发工程师(解码器方向),北京远鉴科技股份有限公司,北京-海淀区,3-5万/月,11-14
资深大数据架构师,上海画龙信息科技有限公司,上海-徐汇区,2-4万/月,11-14
衍生品量化分析师（Quant Analyst),衍升科技（上海）有限公司,上海-虹口区,30-60万/年,11-14
投资风控岗,信达澳银基金管理有限公司,深圳-南山区,1-2.5万/月,11-14
金融外汇数据分析,北京万向联合控股集团有限公司,北京-西城区,0.8-1.5万/月,11-14
图像算法工程师,北京华捷艾米科技有限公司,北京-海淀区,2.5-3万/月,11-14
应用软件开发工程师-北京-00345,大唐无线移动创新中心,北京-海淀区,1-1.4万/月,11-14
技术支持工程师,大唐奇安网络科技有限公司,北京-朝阳区,1-2.5万/月,11-14
人工智能研发工程师,北京奇客创想科技股份有限公司,北京-海淀区,1.5-2.5万/月,11-14
行业研究员-上海虹口-00233,通联数据股份公司,上海-虹口区,1.5-3万/月,11-14
金融管培生（渠道方向）,北京源石创世财富资产管理有限公司,北京-朝阳区,0.8-1万/月,11-14
投研经理,雪松控股集团-金融服务集团,广州-天河区,1.5千以下/月,11-14
量化数据库（开发）工程师,上海卡方信息科技有限公司,上海-黄浦区,1-1.5万/月,11-14
新传媒法务、金融设计室总监、助理,上海荧星影视艺术有限公司,上海-长宁区,0.2-1万/月,11-14
编辑（产品方向）,古联（北京）数字传媒科技有限公司,北京-石景山区,0.8-1万/月,11-14
行业研究员,申万菱信基金管理有限公司,上海,40-50万/年,11-14
科技发展专员,东方微银网络信息（北京）有限公司,北京-海淀区,1-1.5万/月,11-14
医学编辑/学术编辑,上海尤里卡信息科技有限公司,上海-徐汇区,6-8千/月,11-14
程序化（量化）高频交易经理,混沌天成期货股份有限公司,深圳-福田区,1.5-2万/月,11-14
首席公关负责人,上海互浦科技有限公司,上海-闵行区,1-5万/月,11-14
评级分析师（金融机构）,中证鹏元资信评估股份有限公司,深圳,15-20万/年,11-14
Equity Quant Developer,瑞银企业管理（中国）有限公司,上海-浦东新区,,11-14
电子书编辑,北京圣才教育科技股份有限公司,北京-海淀区,1-1.5万/月,11-14
投资经理/投资总监 （业务方向）,北京千佳圆投资基金管理有限公司,北京-朝阳区,2.5-3.5万/月,11-14
投后高级经理/总监,腾邦国际商业服务集团股份有限公司,深圳-福田区,3-4万/月,11-14
研究员,深圳中联德集团有限公司,深圳,30-40万/年,11-14
投资总监,一体未来（北京）信息咨询有限公司,北京-朝阳区,3-5万/月,11-14
运营经理,上海华鑫智城科技有限公司,上海-徐汇区,1.2-1.8万/月,11-14
金融产品经理,杭银消费金融股份有限公司,杭州-下城区,15-25万/年,11-14
研究岗（公募研究方向）,华宝证券有限责任公司,上海,1-2万/月,11-14
投资总监（力合英飞）,力合科创集团有限公司,深圳-南山区,2-2.5万/月,11-14
场外衍生品业务运营,浙商期货有限公司,杭州-下城区,5-8千/月,11-14
TEG13-数据挖掘工程师,深圳市腾讯计算机系统有限公司,深圳,,11-14
运营经理（校招）,浙江齐聚科技有限公司（原呱呱视频）,北京-东城区,1-1.5万/月,11-13
基金产品经理,福华中金互联网信息有限公司,上海-虹口区,1.5-2万/月,11-13
助理研究员,深圳守拙文化传播有限公司,深圳,6-8千/月,11-13
对外交流岗,上海期货与衍生品研究院有限责任公司,异地招聘,20-30万/年,11-13
行业研究员（医药行业）,杭州能欣投资有限公司,杭州,1.5-2万/月,11-13
旅游策划编辑,科学出版社职教技术出版中心,北京-海淀区,10-15万/年,11-13
高级募资总监,深圳仙瞳资本管理有限公司,深圳-南山区,4-5万/月,11-13
高级数据分析员,广州达科区块链科技有限公司,广州-天河区,0.8-1.5万/月,11-13
综合方案总监,深圳市中电数通智慧安全科技股份有限公司,深圳-南山区,1-4万/月,11-13
高级项目经理（对公业务部）,上实融资租赁有限公司,上海-虹口区,35-60万/年,11-13
战略研究经理,PPmoney万惠集团,广州,2-3万/月,11-13
投资经理/高级投资经理/投资总监,深圳市鼎心资本管理有限公司,深圳-南山区,1-5万/月,11-13
资产负债管理岗,易安财产保险股份有限公司,北京-海淀区,2-4万/月,11-13
（低幼中心）营销编辑,中国少年儿童新闻出版总社,北京-朝阳区,6-8千/月,11-13
数据分析师,浙江银江研究院有限公司,杭州-西湖区,0.8-1.5万/月,11-13
高级投资经理,北京海淀科技企业融资担保有限公司,北京-海淀区,1.5-2万/月,11-13
基金运营经理,同策房产咨询股份有限公司,上海-普陀区,2-2.5万/月,11-13
量化实现工程师,九坤投资（北京）有限公司,北京-海淀区,35-60万/年,11-13
投资总监（节能环保行业）/（装备制造行业）,中企云链（北京）金融信息服务有限公司,北京-丰台区,2-3万/月,11-13
机构业务岗,第一创业证券股份有限公司,深圳-福田区,1-1.5万/月,11-13
金融同业部销售岗,上海分公司,北京-西城区,1-1.5万/月,11-13
投资助理（贸易投资）,上海远大产融投资管理有限公司,上海,10-15万/年,11-13
白糖研究员,五矿经易期货有限公司,深圳,15-30万/年,11-13
投资研究部助理研究员,上银基金管理有限公司,上海-浦东新区,1-1.5万/月,11-13
金融分析师,上海恺域信息科技有限公司,上海-杨浦区,1.2-2万/月,11-13
业务助理（实习生）,东方日升融资租赁有限公司,上海-虹口区,3-5千/月,11-13
财富管理研究员,北京当代金融培训有限公司,北京-朝阳区,30-60万/年,11-13
信贷产品经理,上海方付通商务服务有限公司,上海-浦东新区,1.5-2.5万/月,11-13
产品经理(000639),北京万方数据股份有限公司,北京,0.8-1万/月,11-13
编辑,商务印书馆（成都）有限责任公司,北京-东城区,4.5-6千/月,11-13
研究员,深圳市君融财富管理研究院,深圳-福田区,0.8-1.5万/月,11-13
数据分析师――行业研究方向,医药魔方,上海-静安区,0.7-1.6万/月,11-13
金融分析师,深圳市赢时胜信息技术股份有限公司北京分公司,北京-朝阳区,0.8-1.5万/月,11-13
投资发展类（2019年校招）,正大金融 / 正大地产,上海-浦东新区,1.5-2万/月,11-13
量化研究岗（权益研究部）,华泰柏瑞基金管理有限公司,上海,0.8-2万/月,11-13
研究院院长,杭州先途信息技术有限公司,杭州-西湖区,3-5万/月,11-13
投资管理部-信用评估岗,复星联合健康保险股份有限公司,上海-虹口区,1-1.5万/月,11-13
风险管理岗,东海航运保险股份有限公司,上海-浦东新区,15-20万/年,11-13
烯烃期货研究员,信达期货有限公司,杭州,8-15万/年,11-13
期权研究员,上海鸣熙资产管理有限公司,上海-浦东新区,1-3万/月,11-13
TMT股票研究员（自下而上方向）,高致（上海）投资管理有限公司,上海-浦东新区,20-30万/年,11-12
ZBBU-视频编解码算法工程师,广州酷狗计算机科技有限公司,广州-天河区,2-2.5万/月,11-12
投资经理助理,广东空港城投资有限公司,广州-白云区,0.8-1.3万/月,11-12
金融管训生（海外留学生实习岗）,广州锦鹊信息咨询有限公司,广州-天河区,0.8-1万/月,11-12
教师杂志编辑,广州市生旭教育咨询有限公司,广州-番禺区,0.8-1万/月,11-12
实习生/管理培训生（金融）,宁波美立德咨询有限公司上海分公司,上海-浦东新区,4-6千/月,11-12
有色及贵金属研究员,中银国际期货有限责任公司,上海-浦东新区,0.8-1.8万/月,11-12
黑色系商品期货助理分析师,恒泰期货股份有限公司,上海-浦东新区,6-8千/月,11-12
高管-分管投资,益民基金管理有限公司北京分公司,北京-西城区,80-120万/年,11-12
学前分社 儿童文学编辑,华东师范大学出版社有限公司,上海-普陀区,8-10万/年,11-12
投资经理助理,精石投资控股有限公司,杭州-江干区,6-8千/月,11-12
综合管理服务,广州民间金融街管理有限公司,广州-越秀区,0.6-1万/月,11-12
行政主管 B,德施利安资产管理（上海）股份有限公司,上海-长宁区,1.5-2万/月,11-12
财富总监,中国金谷国际信托有限责任公司,北京,1-1.5万/月,11-12
股权投资总监,浙江浙银汇金资产管理有限公司,杭州-江干区,2-2.5万/月,11-12
产品研究员,上海浙商博瑞资产管理研究咨询有限公司,上海-黄浦区,15-25万/年,11-12
量化研究员,上海椅跬蹲使芾碛邢薰司,上海,0.6-2万/月,11-12
实习行业研究员,汉普基业（北京）投资控股有限公司,北京-朝阳区,0.8-1万/月,11-12
机构销售（北京）,广发基金管理有限公司,北京-西城区,1.5-2.5万/月,11-12
研究院各个领域大组组长,联讯证券股份有限公司,异地招聘,2.5-5万/月,11-12
投资总监（联讯资本）,联讯资本投资有限公司,深圳-福田区,40-80万/年,11-12
新媒体运营,中科数创（北京）数字传媒有限公司,北京-西城区,0.6-1.2万/月,11-12
股票研究员,爱晖资产管理（上海）有限公司,上海-黄浦区,20-30万/年,11-12
投资银行部-ABS业务总监,爱建证券有限责任公司,上海,1-5万/月,11-12
华福证券彩田路营业部合规兼综合人员,华福证券有限责任公司,深圳-福田区,1-1.5万/月,11-12
产品设计,金蝶软件（中国）有限公司,深圳,1.5-2万/月,11-12
行业分析师,东北证券股份有限公司,异地招聘,,11-12
资深人工智能工程师,上海雅捷信息技术股份有限公司,上海-闵行区,2-2.5万/月,11-12
社科类图书选品编辑,北京中信书店有限责任公司,北京,0.6-1万/月,11-12
股票基金经理,广州红猫资产管理有限公司,广州-海珠区,25-100万/年,11-12
高级策展人（总监）,上海宽创国际文化科技股份有限公司,上海-浦东新区,1.2-2.4万/月,11-12
挂牌保荐项目负责人-上股交、新三板,上海荣启投资管理有限公司,上海-闵行区,0.8-1.5万/月,11-12
金融产品经理,民生通惠资产管理有限公司,上海,1-2万/月,11-12
股票交易员,上海雷根资产管理有限公司,上海,0.8-1.2万/月,11-12
图像算法工程师,北京社文知识产权管理有限公司,北京-海淀区,1-1.5万/月,11-12
金融事业部客户经理,东方汇金期货有限公司,北京-东城区,0.8-1万/月,11-12
金融产品项目总监,华泰证券股份有限公司上海分公司,上海-浦东新区,1.5-2万/月,11-12
交易员,泰信基金管理有限公司,上海,0.8-1万/月,11-12
股权投资部投资总监（医疗方向）,Z子资产管理有限公司,深圳-福田区,2-4万/月,11-12
网络推广经理,东莞证券股份有限公司,异地招聘,1-1.5万/月,11-11
行业研究员（医药生物行业）,上海度库资产管理合伙企业（有限合伙）,杭州,1-1.5万/月,11-11
大数据科学家,上海众调信息科技有限公司,上海-杨浦区,3-6万/月,11-11
金融研究总监/首席金融分析师,上海福银投资控股集团有限公司,上海,2-4万/月,11-11
海归硕士金融资产配置,品今（北京）投资基金管理有限公司,北京-朝阳区,0.8-1万/月,11-10
客户总监/经理,诚泰融资租赁（上海）有限公司,上海-浦东新区,30-40万/年,11-10
战略研究高级经理,中联重科工业互联网公司,上海-徐汇区,25-35万/年,11-10
股票投资部周期组应届研究员,浙商基金管理有限公司上海分公司,上海,6-8千/月,11-10
产品战略部高级经理 (P000295),财通基金管理有限公司,上海,30-50万/年,11-10
投资总监,国家计委国家经贸委中国科学院科技促进经济基金委员会,北京-海淀区,40-70万/年,11-10
债券投资经理,上海普兰金融服务有限公司,上海,2.5-4万/月,11-10
股票量化策略研究员,上海千象资产管理有限公司,上海-浦东新区,1.2-2.4万/月,11-09
高级股票量化分析师,上海泓信投资管理有限公司,上海,2-2.5万/月,11-09
资深评级分析师,新加坡高圆行业研究有限公司上海代表处,上海,2-2.5万/月,11-09
产品经理(系统平台方向）,翼集分电子商务（上海）有限公司,上海,1.5-2万/月,11-09
技术高潜生,二六三网络通信股份有限公司,北京-朝阳区,2.5-3万/月,11-09
财富顾问（海创园营业部）,招商证券股份有限公司杭州天目山路证券营业部,杭州-余杭区,0.8-1万/月,11-09
深度学习算法工程师,上海合合信息科技发展有限公司,上海-静安区,1.5-2.5万/月,11-09
研究员,银河期货有限公司,北京-东城区,0.8-1万/月,11-09
宏观与股指期货高级研究员,国泰君安期货有限公司,上海,25-50万/年,11-09
宏观经济分析师,中经网数据有限公司,北京-西城区,0.5-1万/月,11-09
大数据挖掘/人工智能/神经网络算法工程师,即科金融信息服务（上海）有限公司,上海-杨浦区,2-4万/月,11-09
供应链金融产品经理（风控产品方向）,北京融贯电子商务有限公司,北京-朝阳区,1.5-3万/月,11-09
研究主管,浙银钜鑫（杭州）资本管理有限公司,深圳-福田区,1-1.5万/月,11-09
产品部副总经理/产品总监（财富管理公司）,览海控股（集团）有限公司,上海-浦东新区,18-24万/年,11-09
平台产品经理(FNW),苏州仕娜肆ψ试垂芾碛邢薰司,上海-徐汇区,18-25万/年,11-09
基金经理助理,泰拓融资租赁（上海）有限公司,上海-浦东新区,6-8千/月,11-09
医学编辑,《中国医药导报》杂志社,北京-朝阳区,0.6-1万/月,11-09
宏观研究员,上海秋晟资产管理有限公司,上海-静安区,0.8-1万/月,11-09
有色金属研究员,神华期货有限公司,深圳,0.7-1.2万/月,11-09
收益经理(财务),驴妈妈旅游网,上海-普陀区,0.8-1.5万/月,11-09
软件产品经理,一飞软件科技（上海）有限公司,上海-虹口区,2-2.5万/月,11-09
母婴健康平台产品经理,上海慧岸企业发展有限公司,上海,1.5-2万/月,11-09
消费行业研究员,诺德基金管理有限公司,上海-浦东新区,1.2-1.8万/月,11-08
场外期权风控岗,北大方正物产集团有限公司,上海-浦东新区,1-1.2万/月,11-08
分析员-投行业务,上海星控资产管理有限公司,上海-徐汇区,10-15万/年,11-08
量化对冲基金经理,浙江野风资产管理有限公司,北京-西城区,1.5-2万/月,11-08
研究型销售（TMT、机械、环保等行业研究方向）,财通证券股份有限公司,杭州-西湖区,1-1.5万/月,11-08
销售经理助理,西部利得基金管理有限公司,上海-浦东新区,10-20万/年,11-08
期权策略研究员,上海微投股权投资基金管理有限公司,上海-浦东新区,3-4万/月,11-08
多传感器融合算法工程师-NTD,北京四维图新科技股份有限公司,北京-海淀区,1.5-2.5万/月,11-08
安全专家,广州虎牙信息科技有限公司,广州-番禺区,3-5万/月,11-08
副总编,《中国校外教育》杂志社有限公司,北京-西城区,0.7-1万/月,11-08
总公司-资产管理中心-研究员,中英人寿保险有限公司,北京,,11-08
研究人员(广东省金融智库联合会),广东省小额贷款公司协会,广州-越秀区,6-8千/月,11-08
东证期货-资管投资经理助理,上海东证期货有限公司,上海-黄浦区,0.6-1.2万/月,11-08
助理研究员,深圳前海凯岩资产管理有限公司,深圳-福田区,6-8千/月,11-08
投资经理/行业研究员,杭州嘉楠耘智信息科技有限公司,杭州-江干区,1.5-3万/月,11-07
互联网营销策划高级经理,华金证券股份有限公司,上海-浦东新区,1.5-2万/月,11-07
国企出版社-----责任编辑,人民东方（北京）书业有限公司,北京-东城区,0.8-1万/月,11-07
VIP财富规划师,北京源石创世财富资产管理有限公司,北京-朝阳区,4-5万/月,11-07
风险模型经理,深圳云科谷信息服务有限公司,上海-浦东新区,2.5-4万/月,11-07
行业研究岗（补招2018届）,安信证券股份有限公司,深圳,0.8-1万/月,11-07
NLP算法工程师,新译信息科技（深圳）有限公司,深圳-南山区,1.5-2.5万/月,11-07
债券研究员,东方金诚国际信用评估有限公司,北京,0.8-1万/月,11-07
数据模型师（校园招聘）,深圳市赢众通金融信息服务有限责任公司,上海-虹口区,0.9-1.7万/月,11-07
数据分析实习生,上海前隆信息科技有限公司,上海,220元/天,11-07
IB服务支持岗,华泰期货有限公司,深圳-福田区,1-1.5万/月,11-07
高级数据分析,好买财富管理股份有限公司,上海,2-2.5万/月,11-07
资深业务咨询顾问（上海）,上海中汇亿达金融信息技术有限公司,上海-浦东新区,15-35万/年,11-07
理财师,长安国际信托股份有限公司,广州,,11-06
医学编辑,北京科技报社,北京-朝阳区,0.6-1万/月,11-06
基金经理助理/研究员,易知（北京）投资有限责任公司,北京-西城区,0.7-3万/月,11-06
董事会事务岗,五矿证券有限公司,深圳,0.8-1.2万/月,11-06
法务、高级投资经理,深圳市昆石投资有限公司,深圳-南山区,1.5-2.5万/月,11-06
投资研究部研究员,广州金骏投资控股有限公司,广州-天河区,2.5-3万/月,11-06
产品经理,华宝基金管理有限公司,上海-浦东新区,1-1.5万/月,11-06
基金研究员（商品/金融衍生品配置研究方向）,上海亿衡投资管理有限公司,上海-浦东新区,1-1.5万/月,11-06
高级量化策略专家,杭州奥N数据科技有限公司,异地招聘,40-50万/年,11-05
FOF基金投资经理,深圳前海川谷信息技术有限公司,北京-朝阳区,1.5-3万/月,11-05
策略开发工程师,上海龙龟投资管理有限公司,上海-浦东新区,1-1.5万/月,11-05
高级投资经理,江西巨网科技有限公司上海分公司,上海,2.5-3.5万/月,11-05
交易清算团队清算岗,中银国际证券股份有限公司,上海-浦东新区,0.7-1万/月,11-05
研究员,北京融城教育咨询有限公司,北京-西城区,1-2万/月,11-05
数据挖掘工程师,深圳市随手科技有限公司,深圳-南山区,1-2万/月,11-05
信托实习生,中原信托有限公司,广州,,11-05
基金研究总监,上海联泰资产管理有限公司,上海-长宁区,2.5-5万/月,11-05
REITs事业部总经理,汇力（北京）投资基金管理有限公司,北京-朝阳区,35-60万/年,11-05
公司业务经理,长江证券股份有限公司上海福州路证券营业部,上海-黄浦区,0.8-1万/月,11-05
首席数据官,北京国信达数据技术有限公司,北京-东城区,4-5万/月,11-05
私募基金研究员,格上财富,北京,0.8-1万/月,11-05
助理量化投资经理,天演资本,上海-浦东新区,50-100万/年,11-05
FOF投资经理/基金经理,前海企加速孵化器（深圳）有限公司,深圳,0.8-3万/月,11-05
业务支持岗,太平投资控股有限公司,北京-西城区,30-40万/年,11-05
高级研究员(旅游),上海大游网络科技有限公司,上海-静安区,1-2万/月,11-03
风控助理,上海国鑫投资发展有限公司,上海-徐汇区,15-20万/年,11-03
资产管理资深经理,上海国际创投股权投资基金管理有限公司,上海-杨浦区,1.5-2.5万/月,11-03
资产管理部信用评级岗,长城证券股份有限公司,深圳-福田区,1.5-2万/月,11-03
信用/转债研究员,深圳市凯丰投资管理有限公司,深圳-福田区,3-4万/月,11-02
西班牙语编辑,外语教学与研究出版社,北京,0.8-1万/月,11-02
深度学习工程师,北京四维智联科技有限公司,北京-海淀区,1.2-2万/月,11-02
产品经理（质量方向）,宽凳（北京）科技有限公司,北京-朝阳区,1.8-3.5万/月,11-02
投资执行董事/董事总经理――矿业,上海复星高科技（集团）有限公司,异地招聘,7-10万/月,11-02
实习人员,郑州商品交易所期货及衍生品研究所有限公司,异地招聘,1.6-3千/月,11-02
研究员,东兴期货有限责任公司,上海-虹口区,6-9千/月,11-02
行业分析师,深圳市铸成投资有限责任公司,深圳-福田区,20-30万/年,11-01
投资总监,浙江万安投资管理有限公司,杭州-江干区,20-40万/年,11-01
投资者教育推广、策划专员,中邮创业基金管理股份有限公司,北京-东城区,1-1.5万/月,11-01
数据算法工程师,上海比领网络科技有限公司,上海-徐汇区,1.5-2.2万/月,11-01
证券投资研究员,深圳麦高控股股份有限公司,深圳-福田区,1-1.5万/月,10-31
固定收益事业部投资总监,恒创控股集团有限公司,深圳-福田区,5-10万/月,10-31
PE投资总监,上海中屹投资有限公司,上海,2-3.5万/月,10-31
行业研究主管（成都）,深圳一支神笔企业管理咨询有限责任公司,异地招聘,0.7-1.1万/月,10-31
综合交易部-交易员助理,中电投先融（上海）资产管理有限公司,上海-黄浦区,10-20万/年,10-31
证券投资中心市场总监,深圳前海新富资本管理集团有限公司,深圳-福田区,2-3万/月,10-31
（上海海通资源管理有限公司）交易员,海通期货股份有限公司,上海-浦东新区,6-8千/月,10-31
国际峰会策划（管培生项目）,上海士研管理咨询有限公司,上海,0.8-1万/月,10-31
图像视频视觉算法技术总监,杭州商圈网络技术有限公司,杭州-西湖区,2.5-3万/月,10-31
文案策划,深圳市厚德世家科技有限公司,深圳-光明新区,6-8千/月,10-30
金融风控数学建模（统计/数学方向）,美国道富,杭州,0.8-1.2万/月,10-30
学术研究助理,北京苇草智酷科技文化有限公司,北京-海淀区,8-12万/年,10-30
数据科学家,上海氪信信息技术有限公司,上海-黄浦区,1.5-3万/月,10-30
能源化工研究员,上海中财期货有限公司,上海-浦东新区,0.7-1万/月,10-30
英语编辑,上海立轩文化传播有限公司,上海-普陀区,8-10万/年,10-30
投促基金投资经理,杭州和达金融服务有限公司,杭州-江干区,19-22万/年,10-30
投资助理/经理助理,国泰元鑫资产管理有限公司,北京-朝阳区,18-30万/年,10-30
新媒体主管,宁波尖端网络科技有限公司,杭州,0.8-1.6万/月,10-30
互联网保险系统测试运维岗位,中国人民健康保险股份有限公司深圳分公司,异地招聘,1-1.5万/月,10-30
投资经理（IC）,中国中投证券有限责任公司,北京-海淀区,10-30万/年,10-30
Data Scientist,Green Dot Corporation,上海-浦东新区,1.5-2万/月,10-29
高级行业研究员,永辉超市股份有限公司,上海-静安区,4-5万/月,10-29
董事长助理,上海小村资产管理有限公司,上海-浦东新区,1.5-2万/月,10-29
财富顾问（广州番禺万达广场营业部）,招商证券股份有限公司广州天河北路证券营业部,广州-番禺区,1-1.5万/月,10-29
行业研究,北京智德盛投资顾问有限公司,北京,6-8千/月,10-29
经济研究员,广州市天则区域发展研究中心,广州-天河区,6-8千/月,10-29
产品总监,达达-京东到家,上海-杨浦区,3-6万/月,10-28
增值服务设计岗,国盛证券有限责任公司,深圳-福田区,30-40万/年,10-28
数学编辑,北京世纪高教图书有限公司,北京-海淀区,2-2.5万/月,10-28
社科项目编辑培训生,华东理工大学出版社有限公司,上海,10-15万/年,10-28
信托业务部实习生,云南国际信托有限公司,上海,120元/天,10-28
量化研究员,上海领益资产管理有限公司,上海-浦东新区,1.5-2万/月,10-27
融资租赁经理（财务背景）,上海易懋企业管理有限公司,上海,1-1.5万/月,10-26
PTA/橡胶（中级/高级）研究员,中电投先融期货股份有限公司,上海,4-6千/月,10-26
投资经理（法律背景）,名微控股集团（上海）有限公司,上海-浦东新区,1.5-2万/月,10-26
投资总监,广东碧桂园资产管理有限公司,深圳,5-7万/月,10-26
高级数据分析师,进化时代科技（北京）有限责任公司,北京-海淀区,2.5-5万/月,10-26
数据分析师,乾康（上海）金融信息服务股份有限公司,上海,1.5-2.5万/月,10-26
图书编辑,中国社会科学出版社,北京-西城区,6-8千/月,10-26
产品经理（风控）,广东瑞银融资租赁有限公司,广州-黄埔区,1-1.5万/月,10-26
政府关系-政策分析#1380,美团点评,北京,2-2.5万/月,10-25
测试开发实习生-服务体验平台,美团点评,上海-长宁区,4-8千/月,10-25
儿童科学教育平台内容编辑,作业盒子,北京-朝阳区,0.8-1.5万/月,10-25
高级风控建模师,杭州金运数据科技有限公司,杭州-滨江区,1.5-2.5万/月,10-25
资管条线-股票策略及可转债研究,联储证券有限责任公司,北京-朝阳区,1.2-2万/月,10-24
医药行业研究员,湘财证券股份有限公司,上海-浦东新区,1-2万/月,10-24
初级数据挖掘工程师,北京简单科技有限公司（简单学习网）,北京,1-2万/月,10-24
用户数据营运官,杭州风雪户外用品股份有限公司,杭州-拱墅区,1-1.5万/月,10-24
原油化工品种研发市场开发,宏源期货有限公司,北京-东城区,1-1.5万/月,10-24
金融数据专家-杭州（应用发展部）,恒生电子股份有限公司,杭州-滨江区,2-2.5万/月,10-23
管培生-推广方向,深圳市环球易购电子商务有限公司,深圳,,10-23
量化策略研究员,上海澜熙资产管理有限公司,上海-浦东新区,1.3-1.5万/月,10-23
投资分析师(000693),上海基分文化传播有限公司,上海-浦东新区,1.5-2.5万/月,10-23
数据部门经理,上海天籍信息科技有限公司,上海,1-1.5万/月,10-23
农产品期货研究员,美尔雅期货有限公司,北京-朝阳区,4.5-6千/月,10-23
学术编辑,《中华医学杂志》社有限责任公司,北京-东城区,1-1.5万/月,10-23
产品管培生(J11158),深圳依时货拉拉科技有限公司,深圳-福田区,0.6-1.3万/月,10-23
量化投资经理/策略师,上海系数股权投资基金管理合伙企业（有限合伙）,上海-浦东新区,3-4万/月,10-23
投资分析师（实习）,上海从容投资管理有限公司,上海-浦东新区,4.5-6千/月,10-23
Bloomberg商业周刊中文版-记者,现代传播集团,北京-朝阳区,10-15万/年,10-22
供应链金融经理,武汉链享医药供应链管理有限公司,北京-西城区,2.5-3万/月,10-22
承做,中天国富证券有限公司,广州,1.5-2万/月,10-22
输入法算法工程师,广州智品网络科技有限公司,广州-天河区,2-3.2万/月,10-22
商业分析总监,北京每日优鲜便利购电子商务有限公司,上海-静安区,3.5-5万/月,10-22
大数据算法工程师,京东集团总部,北京-朝阳区,3-5万/月,10-22
公关经理,北京雅乐美森科技有限公司,北京-海淀区,1-2万/月,10-22
科技金融部投资经理,上海科技创业投资（集团）有限公司,上海-徐汇区,0.8-1.5万/月,10-22
风险政策岗,中国光大银行信用卡中心,北京,,10-22
结构化金融部项目助理（法律方向）,东方证券股份有限公司,上海-黄浦区,1-1.5万/月,10-22
投资银行部负责人,江苏云彩时代投资集团有限公司,上海-黄浦区,2-3万/月,10-22
风控经理,上海鑫桥大通投资管理有限公司,上海-浦东新区,0.7-1.5万/月,10-21
综合文字岗,中国金融期货交易所股份有限公司,上海-浦东新区,15-20万/年,10-21
量化分析师,上海易善资产管理有限公司,上海-浦东新区,0.7-1万/月,10-20
高级咨询师/项目经理,深圳德盈企业管理咨询有限公司,深圳,20-30万/年,10-20
英语编辑（龙门书局）,中国科技出版传媒股份有限公司,北京,7.5-8.5千/月,10-20
金融分析师,新浪时金（上海）信息技术有限公司,上海-浦东新区,1-2万/月,10-20
责任编辑/主编,北京雷速科技有限公司,北京,6-8千/月,10-19
机构业务岗,兴银基金管理有限责任公司,上海,1-1.5万/月,10-19
宏观策略分析师,深圳众禄基金销售股份有限公司,深圳,1.5-3万/月,10-19
投行高级经理,上海朝希投资管理有限公司,上海-长宁区,,10-18
自然语言处理工程师,任子行网络技术股份有限公司,深圳-南山区,1.5-3万/月,10-18
投资总监（高端制造方向）,中联投控股股份有限公司,上海-徐汇区,30-50万/年,10-18
高级权益投资经理,百年保险资产管理有限责任公司,上海-浦东新区,2-4万/月,10-17
研究主管,深圳新百信控股有限公司,深圳-福田区,2-3.5万/月,10-17
证券分析师助理,上海六耳金融信息服务有限公司,上海-闵行区,1.5-2千/月,11-15
风险管理总经理,上海东正汽车金融股份有限公司,上海,100万以上/年,11-15
产品经理（实习可留用）,东海基金管理有限责任公司,上海-浦东新区,2-3千/月,11-15
产品经理（实习生）-杭州-00678 (MJ000557),挖财网络技术有限公司,杭州-西湖区,1.5-2.5千/月,11-15
公司业务高级经理,长江证券股份有限公司上海威海路证券营业部,上海-静安区,1.5-2千/月,11-12
高级投资顾问,北京复奇管理咨询有限公司,北京-海淀区,2-3千/月,10-29
数据管理部-数据挖掘岗,阳光人寿保险股份有限公司,北京-朝阳区,1.2-2万/月,11-15
投资助理实习生（应届）,国华人寿保险股份有限公司,上海-浦东新区,1.5-2千/月,11-15
医药行业研究员,国元国际控股有限公司,异地招聘,1-3万/月,11-15
高级投资经理,融捷投资控股集团有限公司,广州-天河区,1.5-2万/月,11-15
华泰人寿总公司-资产管理助理(004830),华泰人寿保险股份有限公司,北京,0.6-1万/月,11-15
期货高级研究员,平安证券股份有限公司,深圳-福田区,1-1.5万/月,11-15
账户经理岗,平安养老保险股份有限公司,北京,0.9-1.5万/月,11-15
22110F-债券交易员,平安基金管理有限公司,深圳-福田区,1.5千以下/月,11-15
3211A2-AI专家,"中国平安保险（集团）股份有限公司 Ping An Insurance (Group) Company Of China, Ltd.",上海-徐汇区,4-5万/月,11-15
0211M0-策略研究经理,中国平安人寿保险股份有限公司,上海-浦东新区,30-40万/年,11-12
数据精算经理,国泰财产保险有限责任公司,上海-浦东新区,2.5-3.5万/月,11-12
资产配置研究员,交银康联人寿保险有限公司,上海-浦东新区,1-1.8万/月,10-31
高级量化平台开发工程师,上海数旦信息技术有限公司,上海-徐汇区,2-3万/月,11-15
资深量化研究员,上海数旦信息技术有限公司,上海-徐汇区,3-5万/月,11-15
行业研究员,上海茂典资产管理有限公司,上海,0.8-1万/月,11-15
风控法务经理,同美企业管理集团有限公司,北京-朝阳区,2-2.5万/月,11-15
高级医学编辑,北京医美讯医药信息咨询有限公司,北京-朝阳区,1-1.5万/月,11-15
资产管理部机构销售岗高级经理,东亚前海证券有限责任公司,北京-东城区,25-50万/年,11-15
资产管理部机构销售岗高级经理,东亚前海证券有限责任公司,上海-浦东新区,25-50万/年,11-15
资产管理部机构销售岗高级经理,东亚前海证券有限责任公司,深圳-福田区,25-50万/年,11-15
资产管理部渠道销售岗高级经理,东亚前海证券有限责任公司,北京-东城区,25-50万/年,11-15
资产管理部渠道销售岗高级经理,东亚前海证券有限责任公司,上海-浦东新区,25-50万/年,11-15
资产管理部渠道销售岗高级经理,东亚前海证券有限责任公司,深圳-福田区,25-50万/年,11-15
大数据科学家,银联智惠信息服务（上海）有限公司,上海-浦东新区,3-4万/月,11-15
资深医学编辑,上海东闻文化传媒有限公司,上海-浦东新区,0.8-1万/月,11-15
经管图书编辑,北京华章图文信息有限公司（机械工业出版社华章公司）,北京-西城区,5-8千/月,11-15
大金融行业研究员,东亚前海证券有限责任公司,异地招聘,20-30万/年,11-15
信托业务部团队长,西部信托有限公司,杭州,,11-15
财富管理中心高级客户经理,西部信托有限公司,上海,,11-15
财富管理中心高级客户经理,西部信托有限公司,杭州,,11-15
家用电器行业研究岗-研究所,西藏东方财富证券股份有限公司,上海-徐汇区,1.5-2万/月,11-15
研投中心金融期货研究员（国债方向）,建信期货有限责任公司,上海-浦东新区,10-15万/年,11-15
研投中心行业研究员,建信期货有限责任公司,上海-浦东新区,10-15万/年,11-15
资深行业研究员,建信期货有限责任公司,上海-浦东新区,15-20万/年,11-15
数据分析师,深圳前海中移华捷投资管理有限公司,深圳-福田区,1-2万/月,11-15
投行部经理,上海淳实资产管理有限公司,上海-静安区,0.8-1.5万/月,11-15
A股行业研究岗--研究所,西藏东方财富证券股份有限公司,上海-徐汇区,1-1.5万/月,11-15
AliJapan-天猫国际-设计师,阿里巴巴集团,杭州,,11-15
高级投资经理,浙江华海投资管理有限公司,上海-浦东新区,1.5-5万/月,11-15
基本面研究员（金融研究中心）,杭州同花顺数据开发有限公司,异地招聘,1.5-3万/月,11-15
高级行业研究员（金融研究中心）,杭州同花顺数据开发有限公司,异地招聘,1.5-3万/月,11-15
宏观研究员（金融研究中心）,杭州同花顺数据开发有限公司,异地招聘,1.5-3万/月,11-15
会议产品研发策划,希迈商务咨询（上海）有限公司,上海-浦东新区,0.8-1.5万/月,11-15
稽查与案件调查岗（2019届应届生）,上海期货交易所,异地招聘,,11-15
综合管理岗（2019届应届生）,上海期货交易所,异地招聘,,11-15
新闻舆情岗（2019届应届生）,上海期货交易所,异地招聘,,11-15
产品研究岗（2019届应届生）,上海期货交易所,异地招聘,,11-15
交易管理岗（2019届应届生）,上海期货交易所,异地招聘,,11-15
国际交流与合作岗（2019届应届生）,上海期货交易所,异地招聘,,11-15
网络美术编辑岗（2019届应届生）,上海期货交易所,异地招聘,,11-15
衍生品推进岗（2019届应届生）,上海期货交易所,异地招聘,,11-15
数据分析岗（2019届应届生）,上海期货交易所,异地招聘,,11-15
实时监控岗（2019届应届生）,上海期货交易所,异地招聘,,11-15
综合管理岗（2019届应届生）,上海期货交易所,上海-浦东新区,,11-15
数据分析岗（2019届应届生）,上海期货交易所,上海-浦东新区,,11-15
国际交流与合作岗（2019届应届生）,上海期货交易所,上海-浦东新区,,11-15
网络美术编辑岗（2019届应届生）,上海期货交易所,上海-浦东新区,,11-15
新闻舆情岗（2019届应届生）,上海期货交易所,上海-浦东新区,,11-15
衍生品推进岗（2019届应届生）,上海期货交易所,上海-浦东新区,,11-15
产品及市场运行维护岗（2019届应届生）,上海期货交易所,上海-浦东新区,,11-15
产品研究岗（2019届应届生）,上海期货交易所,上海-浦东新区,,11-15
交易管理岗（2019届应届生）,上海期货交易所,上海-浦东新区,,11-15
稽查与案件调查岗（2019届应届生）,上海期货交易所,上海-浦东新区,,11-15
实时监控岗（2019届应届生）,上海期货交易所,上海-浦东新区,,11-15
信用债做市交易经理,国海证券股份有限公司,深圳-福田区,2-3千/月,11-15
信用风险管理岗,太平养老保险股份有限公司,上海-浦东新区,,11-15
经济研究员,深圳市中投兴业有限公司,深圳-福田区,1.5-2万/月,11-15
留学生储备管理（带薪培训）,徽仁M盈资产管理（上海）有限公司,上海-静安区,0.8-1万/月,11-15
高级投资经理,北京建广资产管理有限公司,北京-朝阳区,1.5-2.5万/月,11-15
C/C++研发工程师,“前程无忧”51job.com（上海）,上海-浦东新区,,11-15
策略研究组长,上海银科创展投资集团有限公司,上海-浦东新区,3-6万/月,11-15
策略研究员,上海银科创展投资集团有限公司,上海-浦东新区,2-3.5万/月,11-15
宏观研究组长,上海银科创展投资集团有限公司,上海-浦东新区,3-6万/月,11-15
宏观研究员,上海银科创展投资集团有限公司,上海-浦东新区,2-3.5万/月,11-15
行业研究员,上海银科创展投资集团有限公司,上海-浦东新区,2-3.5万/月,11-15
项目分析人员,广州九州塔苏斯展览有限公司,广州,1-1.5万/月,11-15
投融资项目经理,广州九州塔苏斯展览有限公司,广州,0.8-1万/月,11-15
反洗钱业务岗,招商证券股份有限公司,深圳-福田区,1.5-2万/月,11-15
量化与金融科技研究岗,招商证券股份有限公司,深圳-福田区,1-1.5万/月,11-15
债券交易岗,招商证券股份有限公司,深圳-福田区,20-40万/年,11-15
操作风险分析岗,招商证券股份有限公司,深圳-福田区,15-45万/年,11-15
UE设计高级经理,招商证券股份有限公司,深圳-福田区,20-50万/年,11-15
销售岗,招商证券股份有限公司,深圳-福田区,30-40万/年,11-15
销售岗,招商证券股份有限公司,异地招聘,30-40万/年,11-15
销售岗,招商证券股份有限公司,异地招聘,30-40万/年,11-15
大宗商品投资岗（自营方向）,招商证券股份有限公司,上海-浦东新区,40-50万/年,11-15
清算存管岗,招商证券股份有限公司,深圳-福田区,15-50万/年,11-15
资金交收岗,招商证券股份有限公司,深圳-福田区,15-50万/年,11-15
估值岗,招商证券股份有限公司,深圳-南山区,15-50万/年,11-15
WEB前端开发高级工程师,招商证券股份有限公司,深圳-南山区,15-50万/年,11-15
移动应用开发高级经理,招商证券股份有限公司,深圳-福田区,15-50万/年,11-15
交易程序开发与维护岗,招商证券股份有限公司,深圳-福田区,20-50万/年,11-15
经营分析岗,招商证券股份有限公司,深圳-福田区,20-50万/年,11-15
绩效管理岗,招商证券股份有限公司,深圳-福田区,30-50万/年,11-15
医药行业研究员,招商证券股份有限公司,深圳-福田区,1.5-2万/月,11-15
高级运营总监,招商证券股份有限公司,深圳-福田区,50-80万/年,11-15
机构销售,招商证券股份有限公司,上海-浦东新区,2-2.5万/月,11-15
宣传岗（声誉风险管理）,招商证券股份有限公司,深圳-福田区,20-40万/年,11-15
产品管理岗,招商证券股份有限公司,深圳-福田区,10-50万/年,11-15
培训与渠道管理岗,招商证券股份有限公司,深圳-福田区,10-50万/年,11-15
投资顾问岗,招商证券股份有限公司,深圳-福田区,10-50万/年,11-15
高级市场经理,招商证券股份有限公司,深圳-福田区,20-50万/年,11-15
高级市场经理,招商证券股份有限公司,异地招聘,20-50万/年,11-15
高级市场经理,招商证券股份有限公司,异地招聘,20-50万/年,11-15
研究与业务支持岗（法律方向）,招商证券股份有限公司,深圳-福田区,20-40万/年,11-15
研究与业务支持岗（法律方向）,招商证券股份有限公司,异地招聘,20-40万/年,11-15
金融高级软件工程师,招商证券股份有限公司,深圳-福田区,20-50万/年,11-15
金融高级数据工程师,招商证券股份有限公司,深圳-福田区,30-60万/年,11-15
投行项目负责人,招商证券股份有限公司,深圳-福田区,20-60万/年,11-15
投行项目负责人,招商证券股份有限公司,异地招聘,20-60万/年,11-15
投资总监（并购基金）,招商证券股份有限公司,深圳-福田区,20-50万/年,11-15
公募基金外包业务负责人,招商证券股份有限公司,深圳-福田区,1-1.5万/月,11-15
IT审计岗（高级审计经理）,招商证券股份有限公司,深圳-福田区,20-50万/年,11-15
IB片区管理岗,招商证券股份有限公司,深圳-福田区,1-1.5万/月,11-15
股权投资风险分析岗,招商证券股份有限公司,深圳-福田区,1-2万/月,11-15
产品经理岗,招商证券股份有限公司,深圳-福田区,1-1.5万/月,11-15
高级审计经理,招商证券股份有限公司,深圳-福田区,20-50万/年,11-15
法律合规管理岗,招商证券股份有限公司,深圳-福田区,20-50万/年,11-15
信息技术合规管理岗,招商证券股份有限公司,深圳-福田区,20-50万/年,11-15
党务工作岗,招商证券股份有限公司,深圳-福田区,10-15万/年,11-15
风险数据管理岗,招商证券股份有限公司,深圳-福田区,15-20万/年,11-15
产品经理,招商证券股份有限公司,深圳-福田区,15-20万/年,11-15
公募基金注册登记负责人,招商证券股份有限公司,深圳-福田区,15-45万/年,11-15
IT岗,招商证券股份有限公司,深圳-福田区,20-50万/年,11-15
信用风险分析岗,招商证券股份有限公司,深圳-福田区,15-50万/年,11-15
市场风险管理/分析岗,招商证券股份有限公司,深圳-福田区,15-50万/年,11-15
财富顾问岗,招商证券股份有限公司,深圳-福田区,10-50万/年,11-15
研究岗（资深信用研究员）,招商证券股份有限公司,北京-西城区,15-50万/年,11-15
注册登记岗,招商证券股份有限公司,深圳-福田区,15-50万/年,11-15
基金资管研究员（法务风控方向）,上海舒克资产管理有限公司,上海,2.5-3.5万/月,11-15
语音合成科学家 - 上海,字节跳动,上海,2.5-5万/月,11-15
项目运营高级经理,字节跳动,北京,1.5-3万/月,11-15
行业应用专家（政务行业应用研究中心）,杭州天翼智慧城市科技有限公司,杭州,30-40万/年,11-15
股票产品经理,字节跳动,北京,1.5-2.5万/月,11-15
高级投资经理,前海华业投资集团有限公司,广州-天河区,1.5-2万/月,11-15
计算机视觉算法资深工程师,字节跳动,深圳,2.5-4.5万/月,11-15
财政与税收高级研究员（图书馆驻馆方向）,博M投资咨询（香港）有限公司,上海-浦东新区,1.2-1.4万/月,11-15
购买力高级研究员（图书馆驻馆方向）,博M投资咨询（香港）有限公司,上海-浦东新区,1.2-1.4万/月,11-15
货币高级研究员（图书馆驻馆方向）,博M投资咨询（香港）有限公司,上海-浦东新区,1.2-1.4万/月,11-15
经济增长高级研究员（图书馆驻馆方向）,博M投资咨询（香港）有限公司,上海-浦东新区,1.2-1.4万/月,11-15
宏观经济高级研究员（图书馆驻馆方向）,博M投资咨询（香港）有限公司,上海-浦东新区,1.2-1.4万/月,11-15
航运行业高级研究员（图书馆驻馆方向）,博M投资咨询（香港）有限公司,上海-浦东新区,1.2-1.4万/月,11-15
外汇高级研究员（图书馆驻馆方向）,博M投资咨询（香港）有限公司,上海-浦东新区,1.2-1.4万/月,11-15
利率高级研究员（图书馆驻馆方向）,博M投资咨询（香港）有限公司,上海-浦东新区,1.2-1.4万/月,11-15
PE产业高级研究员（图书馆驻馆方向）,博M投资咨询（香港）有限公司,上海-浦东新区,1.2-1.4万/月,11-15
PTA产业高级研究员（图书馆驻馆方向）,博M投资咨询（香港）有限公司,上海-浦东新区,1.2-1.4万/月,11-15
玉米产业高级研究员（图书馆驻馆方向）,博M投资咨询（香港）有限公司,上海-浦东新区,1.2-1.4万/月,11-15
白糖产业高级研究员（图书馆驻馆方向）,博M投资咨询（香港）有限公司,上海-浦东新区,1.2-1.4万/月,11-15
棉花产业高级研究员（图书馆驻馆方向）,博M投资咨询（香港）有限公司,上海-浦东新区,1.2-1.4万/月,11-15
棕榈油产业高级研究员（图书馆驻馆方向）,博M投资咨询（香港）有限公司,上海-浦东新区,1.2-1.4万/月,11-15
锌产业高级研究员（图书馆驻馆方向）,博M投资咨询（香港）有限公司,上海-浦东新区,1.2-1.4万/月,11-15
镍产业高级研究员（图书馆驻馆方向）,博M投资咨询（香港）有限公司,上海-浦东新区,1.2-1.4万/月,11-15
贵金属产业高级研究员（图书馆驻馆方向）,博M投资咨询（香港）有限公司,上海-浦东新区,1.2-1.4万/月,11-15
铝产业高级研究员（图书馆驻馆方向）,博M投资咨询（香港）有限公司,上海-浦东新区,1.2-1.4万/月,11-15
铜产业高级研究员（图书馆驻馆方向）,博M投资咨询（香港）有限公司,上海-浦东新区,1.2-1.4万/月,11-15
橡胶产业高级研究员（图书馆驻馆方向）,博M投资咨询（香港）有限公司,上海-浦东新区,1.2-1.4万/月,11-15
煤炭产业高级研究员（图书馆驻馆方向）,博M投资咨询（香港）有限公司,上海-浦东新区,1.2-1.4万/月,11-15
黄大豆产业高级研究员（图书馆驻馆方向）,博M投资咨询（香港）有限公司,上海-浦东新区,1.2-1.4万/月,11-15
黑色系金属高级研究员（图书馆驻馆方向）,博M投资咨询（香港）有限公司,上海-浦东新区,1.2-1.4万/月,11-15
原油产业高级研究员（图书馆驻馆方向）,博M投资咨询（香港）有限公司,上海-浦东新区,1.2-1.4万/月,11-15
农业品研究员（图书馆驻馆方向）,博M投资咨询（香港）有限公司,上海-浦东新区,8.4-9.7千/月,11-15
黑色金属研究员（图书馆驻馆方向）,博M投资咨询（香港）有限公司,上海-浦东新区,8.4-9.7千/月,11-15
有色金属研究员（图书馆驻馆方向）,博M投资咨询（香港）有限公司,上海-浦东新区,8.4-9.7千/月,11-15
能源化工品研究员（图书馆驻馆方向）,博M投资咨询（香港）有限公司,上海-浦东新区,8.4-9.7千/月,11-15
图书馆研究员,博M投资咨询（香港）有限公司,上海-浦东新区,8.4-9.7千/月,11-15
债券研究员,因诺（上海）资产管理有限公司,北京-西城区,1.5-3万/月,11-15
量化投资研究员,因诺（上海）资产管理有限公司,北京-西城区,1-2万/月,11-15
贷后风险策略师,上海数禾信息科技有限公司,上海-浦东新区,1-2万/月,11-15
宏观固收研究员,长江养老保险股份有限公司,上海-浦东新区,1.5-2.5万/月,11-15
产品管理部产品研发与管理岗,长江养老保险股份有限公司,上海-浦东新区,1.5-2.5万/月,11-15
ZSK-互联网产品经理(数字化营销方向),深圳前海微众银行股份有限公司,深圳,2-3万/月,11-15
总部网络金融部 投资顾问,江海证券有限公司深圳分公司,深圳-福田区,30-40万/年,11-15
总部网络金融部 UI设计师,江海证券有限公司深圳分公司,深圳-福田区,15-20万/年,11-15
总部网络金融部 产品运营,江海证券有限公司深圳分公司,深圳-福田区,30-40万/年,11-15
总部网络金融部  营销运营岗,江海证券有限公司深圳分公司,深圳-福田区,30-40万/年,11-15
总部网络金融部  产品经理,江海证券有限公司深圳分公司,深圳-福田区,30-40万/年,11-15
周期行业研究员,中山证券有限责任公司,深圳-南山区,1-2万/月,11-15
信用业务运营支持岗,中山证券有限责任公司,深圳-南山区,1-2万/月,11-15
TMT行业研究员,中山证券有限责任公司,深圳-南山区,1-2万/月,11-15
投行承做岗,中山证券有限责任公司,广州-天河区,1-2万/月,11-15
债券投资经理,深圳嘉石大岩资本管理有限公司,深圳-福田区,2-2.5万/月,11-15
债券研究员,深圳嘉石大岩资本管理有限公司,深圳-福田区,1.5-2万/月,11-15
港股分析师,深圳嘉石大岩资本管理有限公司,深圳-福田区,1.5-2万/月,11-15
投资经理,深圳嘉石大岩资本管理有限公司,深圳-福田区,1.5-2万/月,11-15
产品经理,深圳嘉石大岩资本管理有限公司,深圳-福田区,15-20万/年,11-15
分析师/投资研究员,深圳嘉石大岩资本管理有限公司,深圳-福田区,1.5-2万/月,11-15
债券交易员,深圳嘉石大岩资本管理有限公司,深圳-福田区,1-2万/月,11-15
机器算法工程师,深圳投哪金融服务有限公司,深圳-福田区,2-3万/月,11-15
投资经理,广东中大创业投资管理有限公司,广州-天河区,1-1.5万/月,11-15
风险总监,上海厚本金融信息服务有限公司,上海-浦东新区,4-6万/月,11-15
宏观期货研究员,上海览益信息科技有限公司,上海-静安区,1-2万/月,11-15
宏观研究员,上海览益信息科技有限公司,上海-静安区,1-2万/月,11-15
香港IANG 海外实习生招募,宏飞国际投资咨询（深圳）有限公司,深圳-福田区,0.8-1万/月,11-15
金融投资顾问,宏飞国际投资咨询（深圳）有限公司,深圳-福田区,1-1.5万/月,11-15
投资移民顾问,宏飞国际投资咨询（深圳）有限公司,深圳-福田区,1-1.5万/月,11-15
IFA顾问--针对香港留学生,宏飞国际投资咨询（深圳）有限公司,深圳-福田区,1-1.5万/月,11-15
策划编辑,上海盛尚文化传播有限公司,上海-普陀区,6-8千/月,11-15
资本运作副总裁,深圳市迪蒙网络科技有限公司,深圳-罗湖区,1.5-3万/月,11-15
投融资总监,深圳市迪蒙网络科技有限公司,深圳-罗湖区,1.5-3万/月,11-15
责任编辑（外国文学方向）,中信出版集团股份有限公司,上海-徐汇区,5-7千/月,11-15
策划编辑（外国文学方向）,中信出版集团股份有限公司,上海-徐汇区,0.8-1万/月,11-15
责任编辑/文字编辑/图书编辑,中信出版集团股份有限公司,上海-徐汇区,6-8千/月,11-15
投资并购总监,THE BLOCKCHAINER TECHNOLOGY PTE.LTD./区块链人科技（新加坡）有限公司,上海-浦东新区,2-5万/月,11-15
项目经理,中保控股集团有限公司,广州-天河区,1-2万/月,11-15
量化研究员,中融汇信期货有限公司,上海-浦东新区,10万以上/月,11-15
期货投资咨询员,中融汇信期货有限公司,上海-浦东新区,0.6-1万/月,11-15
硕士海归精英团队,上海益慎资产管理有限公司,上海-静安区,0.6-1万/月,11-15
监察稽核部总监助理,新华基金管理股份有限公司,北京,1.5-2万/月,11-15
协议设计工程师,国广中播传媒技术有限公司,北京-石景山区,0.8-1万/月,11-15
资深算法工程师(J180815016),滴滴出行,北京-海淀区,3-4万/月,11-15
大规模算法开发工程师(J181009021),滴滴出行,北京-海淀区,4-5万/月,11-15
自然语言工程师（NLP）(J181009020),滴滴出行,北京-海淀区,5-7万/月,11-15
投行董事总经理,北京鑫根投资管理有限公司,上海-浦东新区,3-5万/月,11-15
投行董事总经理,北京鑫根投资管理有限公司,上海-浦东新区,3-5万/月,11-15
分析师,北京鑫根投资管理有限公司,异地招聘,0.8-1万/月,11-15
房地产项目投资总监,北京鑫根投资管理有限公司,北京,2-2.5万/月,11-15
分析师,北京鑫根投资管理有限公司,深圳-福田区,0.8-1万/月,11-15
投资总监,北京鑫根投资管理有限公司,北京-朝阳区,2-2.5万/月,11-15
合伙人高级助理,北京鑫根投资管理有限公司,北京-朝阳区,0.8-1万/月,11-15
家电高级行业研究员,上海好伯人力资源咨询有限公司,上海,50-80万/年,11-15
另类项目投资经理,上海好伯人力资源咨询有限公司,上海,40-60万/年,11-15
投资总监-北京（异地招聘）,北京甲乙丙资产管理有限公司,异地招聘,40-50万/年,11-15
总经理-北京（异地招聘）,北京甲乙丙资产管理有限公司,异地招聘,60-100万/年,11-15
投资经理/助理,燕园资本集团,杭州-余杭区,0.8-1.8万/月,11-15
行业研究分析岗,燕园资本集团,异地招聘,0.8-1万/月,11-15
行业研究分析岗,燕园资本集团,异地招聘,0.8-1万/月,11-15
行业研究和投资分析（实习生）,燕园资本集团,北京-海淀区,3-6千/月,11-15
投资经理（生物医药）,燕园资本集团,北京-海淀区,1-2万/月,11-15
投资总监（TMT、生物医药、智造）,燕园资本集团,北京-海淀区,2-4万/月,11-15
投资总监（TMT、生物医药、智造）,燕园资本集团,杭州,2-4万/月,11-15
投资经理/助理,燕园资本集团,异地招聘,0.8-1.8万/月,11-15
行业研究分析岗,燕园资本集团,上海-浦东新区,0.8-1万/月,11-15
投资经理,燕园资本集团,上海-浦东新区,1-1.5万/月,11-15
投资顾问,国信证券深圳深南中路证券营业部,深圳,20-30万/年,11-15
投资经理（TMT方向）,深圳澳银资本管理有限公司,深圳-南山区,1.2-2万/月,11-15
投资经理（医疗）,深圳澳银资本管理有限公司,深圳-南山区,1.2-2万/月,11-15
00025-投资经理,中诚信国际信用评级有限责任公司,北京,30-40万/年,11-15
00024-量化分析师,中诚信国际信用评级有限责任公司,北京,0.9-1.5万/月,11-15
00002-企业融资评级二部分析师,中诚信国际信用评级有限责任公司,北京,0.8-1.2万/月,11-15
00018-金融机构二部分析师,中诚信国际信用评级有限责任公司,北京,0.9-1.5万/月,11-15
投资分析师,中诚信国际信用评级有限责任公司,北京,1-3万/月,11-15
分析师（企业融资评部）,中诚信国际信用评级有限责任公司,北京,1-1.5万/月,11-15
助理分析师,中诚信国际信用评级有限责任公司,上海-黄浦区,0.8-1万/月,11-15
创新业务部分析师,中诚信国际信用评级有限责任公司,北京,10-15万/年,11-15
结构融资评级部分析师,中诚信国际信用评级有限责任公司,北京,10-15万/年,11-15
高级数据科学家,博彦科技股份有限公司,北京-海淀区,2-3.5万/月,11-15
投资管理岗,上海用友产业投资管理有限公司,上海-徐汇区,1.5-2万/月,11-15
研究员,天和思创投资管理有限公司,广州-天河区,1-1.5万/月,11-15
金融产品经理（企业端）,上海恒生聚源数据服务有限公司,上海,1.8-2.8万/月,11-15
金融产品经理（债券）,上海恒生聚源数据服务有限公司,上海,2.5-3万/月,11-15
金融产品经理（资讯）,上海恒生聚源数据服务有限公司,上海,1.5-2万/月,11-15
金融研究员（美股方向）,上海恒生聚源数据服务有限公司,上海,1.5-2万/月,11-15
金融高级研究员（权益部机构方向）,上海恒生聚源数据服务有限公司,上海,1.2-2.4万/月,11-15
金融高级研究员（权益类境外方向）,上海恒生聚源数据服务有限公司,上海,1.5-2.5万/月,11-15
金融高级研究员（权益类指数方向）,上海恒生聚源数据服务有限公司,上海,1.5-2.5万/月,11-15
金融高级研究员（权益类资讯方向）,上海恒生聚源数据服务有限公司,上海,1.5-2.5万/月,11-15
金融研究员（权益部部门经理）,上海恒生聚源数据服务有限公司,上海,1.5-2.5万/月,11-15
宏观研究员,上海恒生聚源数据服务有限公司,上海,1-2万/月,11-15
高级行业研究员（新经济方向）,上海恒生聚源数据服务有限公司,上海,1.5-2.5万/月,11-15
高级行业研究员,上海恒生聚源数据服务有限公司,上海,1.5-2.5万/月,11-15
行业研究员,上海恒生聚源数据服务有限公司,上海,1-2万/月,11-15
医药行业投资总监,浙江华海投资管理有限公司,上海-浦东新区,3-5万/月,11-15
高级投资经理,浙江华海投资管理有限公司,上海-浦东新区,1-3万/月,11-15
编辑,唯存（上海）网络科技有限公司,上海-黄浦区,2-2.5万/月,11-15
Editor,唯存（上海）网络科技有限公司,上海-黄浦区,2-2.5万/月,11-15
投资总监,上海双创投资中心,上海-黄浦区,4-6万/月,11-15
高级营销策划-（产品推广方向）,深圳国泰安教育技术有限公司,深圳-南山区,1-2万/月,11-15
高级活动策划,深圳国泰安教育技术有限公司,深圳-南山区,1-2万/月,11-15
运营经理,深圳国泰安教育技术有限公司,深圳-南山区,1-2万/月,11-15
产品经理,深圳国泰安教育技术有限公司,深圳-南山区,1-2万/月,11-15
数据分析师,深圳国泰安教育技术有限公司,深圳-南山区,1-1.5万/月,11-15
策略分析师,聚信立,上海-徐汇区,1.5-2万/月,11-15
股权投资总经理,深圳市红隼资本管理有限公司,深圳-福田区,2.5-3万/月,11-15
债权投资经理,深圳市红隼资本管理有限公司,深圳-福田区,2-2.5万/月,11-15
产品经理（股权类）,深圳市红隼资本管理有限公司,深圳-福田区,1.5-2万/月,11-15
高级数据分析师,深圳前海大数金融服务有限公司,深圳-南山区,30-40万/年,11-15
数据分析岗,深圳前海大数金融服务有限公司,上海-浦东新区,30-40万/年,11-15
策略分析岗,深圳前海大数金融服务有限公司,上海-浦东新区,20-40万/年,11-15
信用经理（PPP业务）,远东宏信有限公司/远东国际租赁有限公司,上海-浦东新区,1.5-2万/月,11-15
研究员,联合资信评估有限公司,北京,6-8千/月,11-15
信用研究员,联合资信评估有限公司,北京,0.8-1.6万/月,11-15
金融市场经理,联合资信评估有限公司,北京,1-1.5万/月,11-15
工商市场经理,联合资信评估有限公司,北京,1-1.5万/月,11-15
资产证券化分析师,联合资信评估有限公司,北京,1-1.5万/月,11-15
金融分析师,联合资信评估有限公司,北京,1-1.5万/月,11-15
Equity Reserach Analyst(证券分析师) - Oil&Gas,易唯思商务咨询（上海）有限公司,上海-静安区,,11-15
金融产品经理/主管（研究方向）,星华隆咨询（上海）有限公司,上海-虹口区,1-2万/月,11-15
Senior Content Specialist,深圳市逸凡科技有限公司,深圳-福田区,7-9千/月,11-15
能源化工分析师,申银万国期货有限公司,上海,20-50万/年,11-15
有色金属分析师,申银万国期货有限公司,上海,20-50万/年,11-15
黑色分析师,申银万国期货有限公司,上海,20-50万/年,11-15
农产品分析师,申银万国期货有限公司,上海,20-50万/年,11-15
金融期货（期权）分析师,申银万国期货有限公司,上海,20-50万/年,11-15
量化分析师,申银万国期货有限公司,上海,20-50万/年,11-15
宏观（高级）分析师,申银万国期货有限公司,上海,20-50万/年,11-15
研究所副所长/所长助理,申银万国期货有限公司,上海,60-80万/年,11-15
策略产品研究部经理,申银万国期货有限公司,上海,30-40万/年,11-15
宏观资产配置部经理,申银万国期货有限公司,上海,30-40万/年,11-15
营销策划主管,申银万国期货有限公司,上海,15-20万/年,11-15
QFII交易员,申银万国期货有限公司,上海,15-20万/年,11-15
商品期货研究部经理,申银万国期货有限公司,上海,30-40万/年,11-15
机构业务管理培训生,申银万国期货有限公司,上海,4.5-6千/月,11-15
英文编辑-外研在线（语言教学产品）,北京外研在线教育科技有限公司,北京,1-1.5万/月,11-15
投行VP/FA（高科技方向）,上海引创金融信息服务有限公司,北京-朝阳区,2.5-3.5万/月,11-15
海外分析师（非银）,上海申银万国证券研究所有限公司,上海,0.8-1万/月,11-15
机构销售总监,中泰金控国际控股有限公司,北京-西城区,2-5万/月,11-15
股票分析师（商贸零售）,上海申银万国证券研究所有限公司,上海,1-1.5万/月,11-15
行业分析师,浙江舞台设计研究院有限公司,杭州,0.6-1.8万/月,11-15
杂志社编辑记者,《教育家》编辑部,北京-西城区,0.6-1万/月,11-15
教育行业编辑记者,《教育家》编辑部,北京-西城区,0.6-1万/月,11-15
债券研究员,金元顺安基金管理有限公司,上海-浦东新区,1-1.5万/月,11-15
风险政策研究专家(001800),瓜子二手车,北京-海淀区,1.5-2.5万/月,11-15
风险政策研究专家(001800),瓜子二手车,北京-海淀区,1.5-2.5万/月,11-15
Investment Research Analyst,弗若斯特沙利文（北京）咨询有限公司上海分公司,上海-徐汇区,1.2-1.8万/月,11-15
Senior Business Analyst-Financial Service,弗若斯特沙利文（北京）咨询有限公司上海分公司,上海-徐汇区,1.5-2.2万/月,11-15
投资分析师,弗若斯特沙利文（北京）咨询有限公司上海分公司,上海-徐汇区,1.5-2.2万/月,11-15
童书策划编辑（应届毕业生）,童趣出版有限公司,北京,4.5-6千/月,11-15
助理基金产品经理（应届）,链盟（上海）数字科技有限公司,上海-静安区,0.7-1万/月,11-15
港股研究员,云南滇商股权投资基金管理有限公司,深圳-南山区,2-3万/月,11-15
大消费行业研究员,云南滇商股权投资基金管理有限公司,深圳-南山区,2-3万/月,11-15
投资总监（商业文旅方向）,云南滇商股权投资基金管理有限公司,深圳-南山区,40-50万/年,11-15
风控合规高级经理/经理,云南滇商股权投资基金管理有限公司,深圳-南山区,2-2.5万/月,11-15
区块链研究员（DAG\IPFS）,夸克链科技（深圳）有限公司,深圳-南山区,5-10万/月,11-15
区块链研究员（EOS）,夸克链科技（深圳）有限公司,深圳-南山区,5-10万/月,11-15
区块链研究员（BTC）,夸克链科技（深圳）有限公司,深圳-南山区,5-10万/月,11-15
区块链研究员（Fabric）,夸克链科技（深圳）有限公司,深圳-南山区,5-10万/月,11-15
区块链架构师,夸克链科技（深圳）有限公司,深圳-南山区,5-10万/月,11-15
区块链经济金融课题研究实习生,夸克链科技（深圳）有限公司,深圳-南山区,200元/天,11-15
Blockchain researcher,夸克链科技（深圳）有限公司,深圳-南山区,5-10万/月,11-15
密码学、加密算法工程师,夸克链科技（深圳）有限公司,深圳-南山区,3.5-7万/月,11-15
投资总监,和灵投资管理（北京）有限公司,北京-东城区,2-3万/月,11-15
投资负责人,和灵投资管理（北京）有限公司,异地招聘,4-8万/月,11-15
投资负责人,和灵投资管理（北京）有限公司,上海-浦东新区,4-8万/月,11-15
投资总监,和灵投资管理（北京）有限公司,上海-浦东新区,2-3万/月,11-15
投资经理,和灵投资管理（北京）有限公司,上海-浦东新区,1-2万/月,11-15
投资经理,和灵投资管理（北京）有限公司,北京-东城区,1-2万/月,11-15
ABS项目经理,天风证券股份有限公司,北京,1-3万/月,11-15
音频算法工程师（深度学习方向）,软视视频软件（杭州）有限公司,杭州-西湖区,1.6-3.2万/月,11-15
资深音频算法工程师,软视视频软件（杭州）有限公司,杭州-西湖区,2-3.5万/月,11-15
视频算法软件工程师,软视视频软件（杭州）有限公司,杭州-西湖区,1.5-3万/月,11-15
投资总监,深圳市前海诚帮金融服务有限公司,广州-天河区,50-60万/年,11-15
投资总监,深圳市前海诚帮金融服务有限公司,深圳-南山区,60-80万/年,11-15
交易部经理/债券交易经理,上海天双资产管理有限公司,上海-浦东新区,2-3万/月,11-15
金融工程师,上海俊芮网络科技股份有限公司,上海-浦东新区,1.5-3万/月,11-15
产品经理（资本市场部）,上海陆浦投资管理集团有限公司,上海-浦东新区,30-40万/年,11-15
固收投资总监,友山基金管理有限公司,上海-浦东新区,50-60万/年,11-15
债券交易主管,创金合信基金管理有限公司,深圳-福田区,1-2万/月,11-15
信用研究员,创金合信基金管理有限公司,深圳-福田区,1-2万/月,11-15
财经编辑,北京四海华章科技发展有限公司,北京-海淀区,0.8-1.5万/月,11-15
会计专业教材编辑,北京四海华章科技发展有限公司,北京-海淀区,0.8-1.5万/月,11-15
医学图书编辑,北京四海华章科技发展有限公司,北京-海淀区,0.8-1万/月,11-15
教材编辑（计算机类）,北京四海华章科技发展有限公司,北京-海淀区,0.8-1.5万/月,11-15
图书编辑（医学和护理类）,北京四海华章科技发展有限公司,北京-海淀区,0.8-1.5万/月,11-15
建筑类图书编辑,北京四海华章科技发展有限公司,北京-海淀区,0.8-1.5万/月,11-15
教材编辑（机械、机电类）,北京四海华章科技发展有限公司,北京-海淀区,0.8-1.5万/月,11-15
教材编辑（英语专业）,北京四海华章科技发展有限公司,北京-海淀区,0.8-1.5万/月,11-15
教材编辑（财经类）,北京四海华章科技发展有限公司,北京-海淀区,0.8-1.5万/月,11-15
教材编辑（建筑类）,北京四海华章科技发展有限公司,北京-海淀区,0.8-1.5万/月,11-15
教材编辑（工科类）,北京四海华章科技发展有限公司,北京-海淀区,0.8-1.5万/月,11-15
投资总监(股票量化）,国道资产管理（上海）有限公司,上海-徐汇区,1.5-5万/月,11-15
杭实资管风控总监,杭实国贸投资（杭州）有限公司,杭州-江干区,25-35万/年,11-15
期权策略研究员,杭州开阳星基金管理有限公司,杭州-江干区,1.2-2.4万/月,11-15
AI产品经理,康美健康云服务有限公司,深圳,1.3-2.5万/月,11-15
产业分析师,上海城创投资管理股份有限公司,上海-黄浦区,1-1.5万/月,11-15
文案编辑,游读会网络科技（上海）有限公司,上海-杨浦区,6-30万/年,11-15
PR及广告事业部合伙人,游读会网络科技（上海）有限公司,上海-杨浦区,20-50万/年,11-15
资深产品经理（基金）,万得信息技术股份有限公司（Wind资讯）,上海-浦东新区,,11-15
资深产品经理（量化）,万得信息技术股份有限公司（Wind资讯）,上海-浦东新区,,11-15
资深产品经理（对公理财）,万得信息技术股份有限公司（Wind资讯）,上海-浦东新区,,11-15
资深产品经理（债券）,万得信息技术股份有限公司（Wind资讯）,上海-浦东新区,,11-15
资深产品经理（股票研究）,万得信息技术股份有限公司（Wind资讯）,上海-浦东新区,,11-15
资深产品经理（股票APP）,万得信息技术股份有限公司（Wind资讯）,上海-浦东新区,,11-15
资深产品经理（固收类产品旗舰店）,万得信息技术股份有限公司（Wind资讯）,上海-浦东新区,,11-15
资深产品经理（外汇）,万得信息技术股份有限公司（Wind资讯）,上海-浦东新区,,11-15
固定收益投资经理-HZXJ,深圳瀚德金融科技控股有限公司,广州-越秀区,1.5-2万/月,11-15
互联网金融/金融高级研究员―HDSYS,深圳瀚德金融科技控股有限公司,北京-海淀区,2-2.5万/月,11-15
财富顾问（新港西）,国信证券广州分公司,广州-海珠区,8-20万/年,11-15
财富顾问,国信证券广州分公司,广州,10-15万/年,11-15
资产运营管理部副部长,广州无线电集团有限公司,广州-天河区,3-4万/月,11-15
企划经理（广电产投）,广州无线电集团有限公司,广州-天河区,1-2万/月,11-15
股票期货操盘手,杭州柒念网络科技有限公司,杭州-江干区,6-8千/月,11-15
信用分析员(J11292),渤海证券股份有限公司,北京-西城区,1.5-2万/月,11-15
投资总监,杭州十棱投资管理有限公司,杭州-滨江区,2-2.5万/月,11-15
投资经理,杭州十棱投资管理有限公司,杭州-滨江区,0.8-1.5万/月,11-15
语义SLAM算法工程师,广东星舆科技有限公司,异地招聘,2-2.5万/月,11-15
语义SLAM算法工程师,广东星舆科技有限公司,异地招聘,2-2.5万/月,11-15
语义SLAM算法工程师,广东星舆科技有限公司,广州-天河区,2-2.5万/月,11-15
交易执行（后台）,永安期货股份有限公司,杭州,1.5-2千/月,11-15
社科策划编辑,北京对外经济贸易大学出版社有限责任公司,北京-朝阳区,6-8千/月,11-15
高级投资经理,凯银投资管理有限公司,杭州,15-20万/年,11-15
并购投资经理,凯银投资管理有限公司,杭州,6-8千/月,11-15
人民网研究院-研究员,人民网股份有限公司,北京-朝阳区,0.8-1.6万/月,11-15
债券基金产品经理,上海都颖股权投资基金管理有限公司,上海-浦东新区,3-4万/月,11-15
0311D9-AI产品经理,中国平安财产保险股份有限公司,上海-浦东新区,30-40万/年,11-15
031239-AI产品经理,中国平安财产保险股份有限公司,上海-浦东新区,2-2.5万/月,11-15
策略分析专员(10022157),宜信公司,北京-朝阳区,0.8-1万/月,11-15
策略分析专员(10023567),宜信公司,北京,0.8-1万/月,11-15
项目专员C6177,宜信公司,北京,1-1.5万/月,11-15
高德-导航服务架构师,阿里巴巴集团,北京,,11-15
1111FE-策略分析师（投资或风控领域）,平安科技（深圳）有限公司,深圳-南山区,1.5千以下/月,11-15
1111NB-人工智能解决方案资深工程师,平安科技（深圳）有限公司,上海-浦东新区,1.5千以下/月,11-15
11118H-资深数据专家,平安科技（深圳）有限公司,上海-浦东新区,1.5-2万/月,11-15
1111JJ-宏观经济研究员（上海）,平安科技（深圳）有限公司,上海-浦东新区,20-30万/年,11-15
1111JI-地方政府经济研究员（上海）,平安科技（深圳）有限公司,上海-浦东新区,20-30万/年,11-15
11118E-金融产品经理,平安科技（深圳）有限公司,上海-浦东新区,20-30万/年,11-15
亚博科技-系统研发工程师,阿里巴巴集团,北京,,11-15
钉钉事业部-安全风控架构师,阿里巴巴集团,杭州,,11-15
安全部-数据挖掘安全专家,阿里巴巴集团,杭州,,11-15
天猫营销平台-算法专家-品牌营销&导购链路,阿里巴巴集团,杭州,,11-15
蚂蚁金服-反洗钱产品经理,阿里巴巴集团,杭州,,11-15
iDST-内容搜索算法专家-NAI-杭州,阿里巴巴集团,杭州,,11-15
天猫-行业供应链算法,阿里巴巴集团,杭州,,11-15
淘宝-算法专家-时尚大脑,阿里巴巴集团,杭州,,11-15
云零售-算法专家-应用技术,阿里巴巴集团,杭州,,11-15
iDST-文本挖掘算法专家-情感分析&文本反垃圾-杭州,阿里巴巴集团,杭州,,11-15
iDST-翻译技术-数据挖掘专家-杭州,阿里巴巴集团,杭州,,11-15
iDST-翻译技术-机器翻译技术专家Linux/C++-北京,阿里巴巴集团,北京,,11-15
蚂蚁金服-算法测试工程师/专家,阿里巴巴集团,杭州,,11-15
阿里妈妈事业部-数字营销战略研究专家,阿里巴巴集团,北京,,11-15
技术战略部-政府科技事务管理高级专家-杭州,阿里巴巴集团,杭州,,11-15
数据服务-数据分析专家-杭州,阿里巴巴集团,杭州,,11-15
iDST-NLP高级算法专家-自然语言基础技术,阿里巴巴集团,杭州,,11-15
友盟-产品运营专家,阿里巴巴集团,北京,,11-15
搜索事业部-推荐算法专家-智能导购&推荐创新,阿里巴巴集团,杭州,,11-15
安全部-算法专家（基础安全数据）-北京/杭州,阿里巴巴集团,北京,,11-15
UC事业群-自然语言处理算法专家-国际信息流,阿里巴巴集团,广州,,11-15
钉钉-机器学习算法专家-研发中心,阿里巴巴集团,杭州,,11-15
优酷-人工智能高级专家-上海,阿里巴巴集团,上海,,11-15
淘宝技术部-淘宝-数据算法专家 -杭州,阿里巴巴集团,杭州,,11-15
安全部-国际策略专家,阿里巴巴集团,杭州,,11-15
智能服务事业部-自然语言处理算法专家-店小蜜,阿里巴巴集团,杭州,,11-15
天猫技术部-数据分析专家-行业&供应链平台,阿里巴巴集团,杭州,,11-15
天猫技术部-算法专家-行业&供应链平台,阿里巴巴集团,杭州,,11-15
信息平台事业部-IOT技术专家-智能硬件,阿里巴巴集团,杭州,,11-15
人工智能实验室-自然语言理解算法专家-杭州,阿里巴巴集团,杭州,,11-15
风险能力中台-Algorithm expert,阿里巴巴集团,杭州,,11-15
机器智能技术-机器学习算法专家/高级专家-杭州,阿里巴巴集团,杭州,,11-15
UC事业部-兴趣图谱算法专家,阿里巴巴集团,杭州,,11-15
蚂蚁金服-创新模型高级专家-网商银行,阿里巴巴集团,杭州,,11-15
阿里文学-推荐/搜索算法专家,阿里巴巴集团,北京,,11-15
Aliexpress-资深开发工程师 / 技术专家-杭州 / 深圳,阿里巴巴集团,杭州,,11-15
新零售供应链平台事业部-供应链计划调优产品经理,阿里巴巴集团,杭州,,11-15
平台治理-知识产权理论研究专家,阿里巴巴集团,杭州,,11-15
技术战略部-outreach manager-杭州,阿里巴巴集团,杭州,,11-15
平台治理-平台治理-国际风控专家-杭州,阿里巴巴集团,杭州,,11-15
阿里妈妈-广告引擎研发专家-北京,阿里巴巴集团,北京,,11-15
阿里文学-数据挖掘算法专家,阿里巴巴集团,北京,,11-15
国际技术事业部-数据挖掘专家,阿里巴巴集团,杭州,,11-15
UC事业部-语音合成算法专家,阿里巴巴集团,北京,,11-15
蚂蚁金服-算法专家(内容推荐算法方向）-数据运营,阿里巴巴集团,杭州,,11-15
CBU-算法专家-广告方向,阿里巴巴集团,杭州,,11-15
阿里文学-服务端方向java高级研发工程师-运营平台部,阿里巴巴集团,北京,,11-15
决策支持-用户研究专家/高级专家,阿里巴巴集团,杭州,,11-15
智能服务事业部-算法专家-北京专场专用,阿里巴巴集团,北京,,11-15
蚂蚁金服-反洗钱产品专家,阿里巴巴集团,杭州,,11-15
UC事业部-机器学习算法专家,阿里巴巴集团,北京,,11-15
量子实验室-QuFab Lab Manager-杭州,阿里巴巴集团,杭州,,11-15
Lazada-Data Scientist-Shenzhen,阿里巴巴集团,深圳,,11-15
Lazada-Data Scientist-Shenzhen,阿里巴巴集团,深圳,,11-15
零售通技术部-算法专家,阿里巴巴集团,杭州,,11-15
蚂蚁金服-数据挖掘工程师/专家/高级专家,阿里巴巴集团,杭州,,11-15
高德-高精定位算法开发专家/高级专家-高精度地图,阿里巴巴集团,北京,,11-15
天猫-算法专家-导购营销,阿里巴巴集团,杭州,,11-15
智能服务事业部-算法专家-智能决策,阿里巴巴集团,杭州,,11-15
零售通技术部-大数据架构师,阿里巴巴集团,杭州,,11-15
新零售供应链平台事业部-算法专家-供应链预测,阿里巴巴集团,杭州,,11-15
达摩院智能计算实验室-芯片研究科学家-上海,阿里巴巴集团,上海,,11-15
零售通技术部-高级算法专家,阿里巴巴集团,杭州,,11-15
Model Risk/Validation Quant Analyst,中国国际金融股份有限公司,北京,2-3万/月,11-15
Research Assistant,中国国际金融股份有限公司,深圳,1-2万/月,11-15
Research Assistant,中国国际金融股份有限公司,上海,1-2万/月,11-15
产品经理,中国国际金融股份有限公司,北京,2-3万/月,11-15
Risk Analyst-数量分析岗,中国国际金融股份有限公司,北京,,11-15
期权交易员,华泰长城资本管理有限公司,深圳-福田区,1-3万/月,11-15
战略客户负责人,华创证券有限责任公司投资银行部,深圳-福田区,1.5-2万/月,11-15
股票发行负责人,华创证券有限责任公司投资银行部,深圳-福田区,1.5-2万/月,11-15
儿童文学专业图书编辑,接力出版社,北京-东城区,10-15万/年,11-15
图书编辑,接力出版社,北京-东城区,4.5-6千/月,11-15
金融产品与系统研究员,北京风软技术有限公司,北京-海淀区,1-1.5万/月,11-15
高级投资经理（MD序列）,中泰证券股份有限公司上海花园石桥路证券营业部,上海-浦东新区,0.8-1.6万/月,11-15
投资经理（MD序列）,中泰证券股份有限公司上海花园石桥路证券营业部,上海-浦东新区,0.8-1万/月,11-15
宏观研究员,国海良时期货有限公司,杭州,0.7-1.4万/月,11-14
有色/黑色研究员,国海良时期货有限公司,杭州,10-15万/年,11-14
衍生品交易岗,国海良时期货有限公司,杭州,6-8千/月,11-14
期权管理岗,国海良时期货有限公司,杭州,6-10万/年,11-14
策略研究员,国海良时期货有限公司,杭州,8-12万/年,11-14
期权研究员,国海良时期货有限公司,杭州,8-10万/年,11-14
能源化工研究员,国海良时期货有限公司,杭州,8-15万/年,11-14
债券交易员,国海良时期货有限公司,杭州,6-8千/月,11-14
债券研究员,国海良时期货有限公司,杭州,6-8千/月,11-14
投资经理,国海良时期货有限公司,杭州,1-1.5万/月,11-14
期权研究员,国海良时期货有限公司,上海-浦东新区,0.8-1万/月,11-14
研究部-量化研究员,中信期货有限公司,异地招聘,1-1.5万/月,11-14
研究部-量化研究员,中信期货有限公司,上海,1-1.5万/月,11-14
研究部-原油研究实习生,中信期货有限公司,上海,1-2千/月,11-14
华南分公司业务部门总监,中信期货有限公司,深圳,0.7-3.5万/月,11-14
资产管理中心业务经理,中信期货有限公司,上海,1-2万/月,11-14
资产管理中心渠道经理（业务开发）,中信期货有限公司,深圳,1-1.5万/月,11-14
产业业务总部业务经理,中信期货有限公司,北京,0.8-1.6万/月,11-14
华南分公司运营岗,中信期货有限公司,深圳,0.4-1.2万/月,11-14
华南分公司客户经理,中信期货有限公司,深圳,0.3-1.5万/月,11-14
杭州萧山分公司-产业机构客户服务岗,中信期货有限公司,杭州,0.3-1.7万/月,11-14
杭州萧山分公司-副总经理,中信期货有限公司,杭州,1-3万/月,11-14
萧山分公司客户经理,中信期货有限公司,杭州,0.4-1.5万/月,11-14
萧山分公司业务部总监,中信期货有限公司,杭州,0.7-3万/月,11-14
业务岗,中信期货有限公司,深圳,0.3-1.7万/月,11-14
浙江分公司客户经理,中信期货有限公司,杭州,4-8千/月,11-14
产业业务总部-深圳地区负责人,中信期货有限公司,深圳,1.5-2万/月,11-14
浙江分公司运营岗,中信期货有限公司,杭州,0.4-1.2万/月,11-14
广东分公司营销总监,中信期货有限公司,广州,0.7-3.7万/月,11-14
浙江机构业务部业务经理,中信期货有限公司,杭州,0.3-1.7万/月,11-14
浙江分公司营销管理部总监,中信期货有限公司,杭州,0.7-3.7万/月,11-14
研究部量化研究组长,中信期货有限公司,上海-浦东新区,2-2.5万/月,11-14
上海中信广场分公司客户经理,中信期货有限公司,上海,0.3-1.7万/月,11-14
研究部-产品研究员,中信期货有限公司,上海,1-2万/月,11-14
资产管理中心-机构销售岗,中信期货有限公司,上海,0.7-1.5万/月,11-14
风险管理部-现货风险岗,中信期货有限公司,上海,1-1.8万/月,11-14
资产管理中心-FOF投资经理,中信期货有限公司,上海,2-4万/月,11-14
上海期货大厦营业部客户经理客户经理,中信期货有限公司,上海,0.3-1.7万/月,11-14
北京东城分公司业务总监,中信期货有限公司,北京,0.7-3.7万/月,11-14
期权研究员,东海期货有限责任公司,上海-浦东新区,1-1.5万/月,11-14
有色金属研究员,东海期货有限责任公司,上海-浦东新区,15-20万/年,11-14
研究员,东海期货有限责任公司,上海-浦东新区,13-18万/年,11-14
期权交易员,东海期货有限责任公司,上海-浦东新区,15-20万/年,11-14
(海外AI招聘)深度学习视频编解码算法 (MJ001109),欢聚时代（多玩YY）,广州-番禺区,2.5-5万/月,11-14
(海外AI招聘)自然语言处理算法 (MJ001110),欢聚时代（多玩YY）,广州-番禺区,2.5-5万/月,11-14
投资经理（财务分析）,浙江景裕资产管理有限公司,杭州,8-10万/年,11-14
资深投资经理（生物医药/医疗健康领域）,浙江景裕资产管理有限公司,杭州-西湖区,10-15万/年,11-14
资深投资经理,浙江景裕资产管理有限公司,杭州,15-30万/年,11-14
宏观经济研究员,北京国研网信息有限公司,北京-东城区,6-8千/月,11-14
策划经理,房天下,北京-丰台区,0.8-1.6万/月,11-14
高级策划经理,房天下,北京-丰台区,1-2万/月,11-14
商务拓展岗,大成基金管理有限公司,深圳-福田区,1.5-2万/月,11-14
资产配置研究员,大成基金管理有限公司,深圳-福田区,2-2.5万/月,11-14
媒体管理岗,大成基金管理有限公司,深圳-福田区,2-2.5万/月,11-14
固定收益基金经理,大成基金管理有限公司,深圳-福田区,3-4万/月,11-14
国际业务部产品经理助理,大成基金管理有限公司,深圳-福田区,2-2.5万/月,11-14
国际业务部投资经理助理,大成基金管理有限公司,深圳-福田区,2-2.5万/月,11-14
债券交易员,大成基金管理有限公司,深圳-福田区,1.5-2万/月,11-14
信用研究员,大成基金管理有限公司,深圳-福田区,2.5-3万/月,11-14
法学编辑（马克思主义理论）,中国人民大学书报资料中心,北京-海淀区,4.5-6千/月,11-14
教育学编辑,中国人民大学书报资料中心,北京-海淀区,8-10万/年,11-14
搜狗金融-风控算法工程师-北京-02176,北京搜狗科技发展有限公司,北京-海淀区,2-4万/月,11-14
搜狗金融-Java高级开发工程师-北京-02750,北京搜狗科技发展有限公司,北京-海淀区,2-4万/月,11-14
购物搜索-搜索排序研究员,北京搜狗科技发展有限公司,北京-海淀区,2-4万/月,11-14
DSP音频工程师,北京搜狗科技发展有限公司,北京,2-4万/月,11-14
搜狗地图-LBS数据挖掘工程师,北京搜狗科技发展有限公司,北京,2-4万/月,11-14
搜狗输入法-ios移动产品经理-北京-00524,北京搜狗科技发展有限公司,北京-海淀区,1.5-2.5万/月,11-14
搜狗输入法-资深自然语言研究员-北京-01993,北京搜狗科技发展有限公司,北京-海淀区,2.5-5万/月,11-14
搜狗输入法-自然语言处理研发工程师-北京-02200,北京搜狗科技发展有限公司,北京-海淀区,2-4万/月,11-14
智能语音-声纹语种研究员-北京-02031,北京搜狗科技发展有限公司,北京-海淀区,2-4万/月,11-14
搜狗金融-风控算法工程师-北京-02176,北京搜狗科技发展有限公司,北京-海淀区,2-4万/月,11-14
智能语音-数据挖掘研究员-北京-02334,北京搜狗科技发展有限公司,北京-海淀区,2-4万/月,11-14
搜狗智能语音-语音合成研究员-北京-01801,北京搜狗科技发展有限公司,北京-海淀区,2.5-4.5万/月,11-14
智能语音-机器翻译研究员,北京搜狗科技发展有限公司,北京-海淀区,2.5-4.5万/月,11-14
搜狗输入法-资深数据挖掘算法专家,北京搜狗科技发展有限公司,北京-海淀区,4-6万/月,11-14
unity高级开发（游戏）,广州汇量信息科技有限公司,北京-朝阳区,3-4万/月,11-14
日本文学编辑,上海译文出版社有限公司,上海-黄浦区,8-15万/年,11-14
投资经理,深圳市丹桂顺资产管理有限公司,北京-西城区,0.8-1万/月,11-14
投资经理（上海）,深圳市丹桂顺资产管理有限公司,深圳-福田区,0.8-1万/月,11-14
投资经理,深圳市丹桂顺资产管理有限公司,上海-虹口区,0.8-1万/月,11-14
研究所-各研究方向研究员,海通证券全国总部,深圳,,11-14
研究所-研究销售,海通证券全国总部,深圳,,11-14
研究所-研究员-各行业研究方向、中小市值、新三板研究方向,海通证券全国总部,深圳,,11-14
投资银行部-保荐业务岗,海通证券全国总部,深圳,,11-14
上海自贸试验区分公司-机构销售岗,海通证券全国总部,上海,,11-14
证券金融部-征信管理岗,海通证券全国总部,上海,,11-14
战略发展部-子公司规划发展岗,海通证券全国总部,上海,,11-14
研究所-各研究方向研究员,海通证券全国总部,上海,,11-14
研究所-研究销售,海通证券全国总部,上海,,11-14
财富管理中心-权益投资岗,海通证券全国总部,上海,,11-14
零售与网络金融部-产品经理（移动平台方向）,海通证券全国总部,上海,,11-14
零售与网络金融部-产品经理（金融理财方向）,海通证券全国总部,上海,,11-14
零售与网络金融部-产品经理（策略平台方向）,海通证券全国总部,上海,,11-14
零售与网络金融部-数据挖掘岗（策略研究方向）,海通证券全国总部,上海,,11-14
权益投资交易部-统计分析岗（合规方向）,海通证券全国总部,上海,,11-14
权益投资交易部-统计分析岗（财务方向）,海通证券全国总部,上海,,11-14
权益投资交易部-产品销售岗,海通证券全国总部,上海,,11-14
权益投资交易部-交易员,海通证券全国总部,上海,,11-14
权益投资交易部-对冲交易岗,海通证券全国总部,上海,,11-14
权益投资交易部-产品经理（场外期权产品运营方向）,海通证券全国总部,上海,,11-14
权益投资交易部-产品经理岗（期权结构定价设计方向）,海通证券全国总部,上海,,11-14
权益投资交易部-风险管理岗,海通证券全国总部,上海,,11-14
上海海通证券资产管理有限公司-固定收益投资经理助理,上海海通证券资产管理有限公司,上海,,11-14
上海海通证券资产管理有限公司-固定收益投资经理,上海海通证券资产管理有限公司,上海,,11-14
上海海通证券资产管理有限公司-信用研究员,上海海通证券资产管理有限公司,上海,,11-14
上海海通证券资产管理有限公司-ABS项目经理,上海海通证券资产管理有限公司,上海,,11-14
计划财务部-H股报表及子公司财务管理岗,海通证券全国总部,上海,,11-14
财富管理中心-创新交易工具管理岗,海通证券全国总部,上海,,11-14
新三板与结构融资部-三板业务岗（财务方向）,海通证券全国总部,上海,,11-14
企业金融部-项目管理岗,海通证券全国总部,上海,,11-14
上海海通证券资产管理有限公司-固定收益风控经理,上海海通证券资产管理有限公司,上海,,11-14
风险管理部-风控指标并表管理岗,海通证券全国总部,上海,,11-14
风险管理部-信用风险计量岗,海通证券全国总部,上海,,11-14
风险管理部-衍生品业务信用风险管理岗,海通证券全国总部,上海,,11-14
合规法务部-反洗钱管理岗,海通证券全国总部,上海,,11-14
北京债券融资部-ABS承做岗,海通证券全国总部,北京,,11-14
研究所-各研究方向研究员,海通证券全国总部,北京,,11-14
债券融资总部-资产证券化业务承做人员,海通证券全国总部,北京,,11-14
债券融资总部-资产证券化业务承揽人员,海通证券全国总部,北京,,11-14
北京债券融资部-业务支持岗,海通证券全国总部,北京,,11-14
研究所-研究销售,海通证券全国总部,北京,,11-14
研究所-研究员-各行业研究方向、中小市值、新三板研究方向,海通证券全国总部,北京,,11-14
研究所-研究员-各行业研究方向、中小市值、新三板研究方向,海通证券全国总部,上海,,11-14
投资银行部-保荐业务岗,海通证券全国总部,北京,,11-14
海通吉禾股权投资基金管理有限责任公司-投资经理,子公司,上海,,11-14
视觉高级算法工程师（Leader储备）,上海悠络客电子科技股份有限公司,上海-徐汇区,3-5万/月,11-14
算法工程师（深度学习视觉方向）,上海悠络客电子科技股份有限公司,上海-徐汇区,3-4万/月,11-14
医学支持（临床医学方向）,中国医学论坛报社,上海-黄浦区,1-1.5万/月,11-14
权威医学媒体医学编辑（肿瘤领域）,中国医学论坛报社,北京-西城区,1-1.5万/月,11-14
医学编辑（学术支持）,中国医学论坛报社,北京-西城区,0.8-1万/月,11-14
金融机构项目经理,国信期货有限责任公司,上海-虹口区,1.5-2万/月,11-14
金融机构业务主管,国信期货有限责任公司,上海-虹口区,1.8-2.5万/月,11-14
基金研究员(私募）,国信期货有限责任公司,深圳,1.5-2万/月,11-14
金融机构项目经理,国信期货有限责任公司,深圳,1.5-2万/月,11-14
金融机构业务主管,国信期货有限责任公司,深圳,1.8-2.5万/月,11-14
研究员,国信期货有限责任公司,上海-虹口区,0.8-1万/月,11-14
量化分析师,国信期货有限责任公司,上海-虹口区,1-1.2万/月,11-14
策略开发岗,国信期货有限责任公司,上海-虹口区,1-1.5万/月,11-14
二级市场投资经理,龙树资本管理股份有限公司,上海-长宁区,1.5-2.5万/月,11-14
"Associate Editor/Editor, Physics & Astronomy",麦克米伦信息咨询服务（上海）有限公司,北京-海淀区,1.2-1.8万/月,11-14
语音识别研发工程师(语言模型方向),北京远鉴科技股份有限公司,北京-海淀区,3-5万/月,11-14
语音识别算法工程师,北京远鉴科技股份有限公司,北京-海淀区,3-4万/月,11-14
高级数据分析师,上海画龙信息科技有限公司,上海-徐汇区,2-4万/月,11-14
高级商业数据分析师,上海画龙信息科技有限公司,上海-徐汇区,2-4万/月,11-14
首席量化工程师（Chief Quant Developer),衍升科技（上海）有限公司,上海-虹口区,40-60万/年,11-14
量化策略研究员,衍升科技（上海）有限公司,上海-虹口区,0.8-2.5万/月,11-14
高级量化策略研究员,衍升科技（上海）有限公司,上海-虹口区,2.5-4万/月,11-14
高级量化工程师,衍升科技（上海）有限公司,上海-虹口区,30-60万/年,11-14
金融外汇数据分析（助理）,北京万向联合控股集团有限公司,北京-石景山区,0.8-1.5万/月,11-14
金融外汇数据分析,北京万向联合控股集团有限公司,北京-海淀区,0.8-1.5万/月,11-14
金融外汇数据分析（助理）,北京万向联合控股集团有限公司,北京-海淀区,0.8-1.5万/月,11-14
金融外汇数据分析,北京万向联合控股集团有限公司,北京-朝阳区,0.8-1.5万/月,11-14
金融交易员,北京万向联合控股集团有限公司,北京-东城区,0.8-1.5万/月,11-14
化工行业研究员,深圳市裕晋投资有限公司,深圳,1-1.5万/月,11-14
有色行业分析师,深圳市裕晋投资有限公司,深圳,1-1.5万/月,11-14
生物医药行业证券分析师,深圳市裕晋投资有限公司,深圳,1-1.5万/月,11-14
研究员（计算机专业，海归/硕士高薪，福利好）,深圳市裕晋投资有限公司,深圳-福田区,1-1.5万/月,11-14
公民教育生活文献节目复合载体编辑室主任、编辑、助编,上海荧星影视艺术有限公司,上海-长宁区,0.2-1万/月,11-14
编辑（数字编辑方向）,古联（北京）数字传媒科技有限公司,北京-石景山区,0.8-1万/月,11-14
编辑,古联（北京）数字传媒科技有限公司,北京-石景山区,0.8-1万/月,11-14
利率研究员,申万菱信基金管理有限公司,上海,1.5-2万/月,11-14
信用研究员,申万菱信基金管理有限公司,上海,1.5-2万/月,11-14
高级分析师,东方微银网络信息（北京）有限公司,北京-海淀区,1.5-2万/月,11-14
分析师,中证鹏元资信评估股份有限公司,深圳-福田区,10-12万/年,11-14
ABS Quant Analyst,瑞银企业管理（中国）有限公司,上海-浦东新区,,11-14
风控总监,北京千佳圆投资基金管理有限公司,北京-朝阳区,3-5万/月,11-14
投后总监,腾邦国际商业服务集团股份有限公司,深圳-福田区,2.5-3.5万/月,11-14
投后经理,腾邦国际商业服务集团股份有限公司,深圳-福田区,1-2万/月,11-14
研究岗（战略研究方向）,华宝证券有限责任公司,上海,1-2万/月,11-14
研究岗（宏观策略研究方向）,华宝证券有限责任公司,上海,1-2万/月,11-14
研究岗（私募研究方向）,华宝证券有限责任公司,上海,1-2万/月,11-14
投资服务-财务尽调（科创创投）,力合科创集团有限公司,深圳-南山区,1-1.5万/月,11-14
投资总监（科创创投）,力合科创集团有限公司,深圳-南山区,1.5-2万/月,11-14
投资服务经理（力合创投）,力合科创集团有限公司,深圳-南山区,1.5-2万/月,11-14
投资经理（力合创投）,力合科创集团有限公司,深圳,1-1.5万/月,11-14
场外期权合规岗,浙商期货有限公司,杭州-下城区,6-8千/月,11-14
原油研究员,浙商期货有限公司,杭州-下城区,0.5-1万/月,11-14
有色金属研究员,浙商期货有限公司,杭州-下城区,0.5-1万/月,11-14
农产品研究员,浙商期货有限公司,杭州-下城区,0.5-1万/月,11-14
股指国债期货研究员,浙商期货有限公司,杭州-下城区,0.5-1万/月,11-14
化工商品研究员,浙商期货有限公司,杭州-下城区,0.5-1万/月,11-14
黑色商品研究员,浙商期货有限公司,杭州-下城区,0.5-1万/月,11-14
宏观研究员,浙商期货有限公司,杭州-下城区,0.5-1万/月,11-14
期权风控岗,浙商期货有限公司,杭州-下城区,0.8-1万/月,11-14
期权交易员,浙商期货有限公司,杭州-下城区,0.6-1万/月,11-14
客服岗,浙商期货有限公司,杭州-下城区,5-8千/月,11-14
投资助理,远东宏信有限公司/远东国际租赁有限公司,上海-浦东新区,10-15万/年,11-14
战略研究经理,远东宏信有限公司/远东国际租赁有限公司,上海,1.5-2.5万/月,11-14
TEG13-OCR算法工程师（北京）,深圳市腾讯计算机系统有限公司,北京,,11-14
MIG09-知识图谱高级算法研究员,深圳市腾讯计算机系统有限公司,深圳,,11-14
21557-音视频实验室视频网络专家（深圳）,深圳市腾讯计算机系统有限公司,深圳,,11-14
SNG11-人工智能研究员（深圳）,深圳市腾讯计算机系统有限公司,深圳,,11-14
MIG16-自动驾驶融合定位(北京),深圳市腾讯计算机系统有限公司,北京,,11-14
MIG16-自动驾驶融合感知(北京),深圳市腾讯计算机系统有限公司,北京,,11-14
MIG16-自动驾驶机器人-导航算法(北京),深圳市腾讯计算机系统有限公司,北京,,11-14
MIG16-自动驾驶产品经理(北京),深圳市腾讯计算机系统有限公司,北京,,11-14
WXG02-122 语音前端研究员（北京/上海）,深圳市腾讯计算机系统有限公司,北京,,11-14
TEG11-推荐系统算法研发工程师（北京）,深圳市腾讯计算机系统有限公司,北京,,11-14
SA-腾讯社交广告自然语言处理高级研究员（微信广告 深圳）,深圳市腾讯计算机系统有限公司,深圳,,11-14
SA-腾讯社交广告排序算法研究员（微信广告 深圳）,深圳市腾讯计算机系统有限公司,深圳,,11-14
SNG02-数据挖掘工程师（深圳）,深圳市腾讯计算机系统有限公司,深圳,,11-14
TEG03-自然语言处理高级工程师（深圳）,深圳市腾讯计算机系统有限公司,深圳,,11-14
SNG11-数据挖掘高级工程师（深圳）,深圳市腾讯计算机系统有限公司,深圳,,11-14
20503-自动驾驶研发工程师,深圳市腾讯计算机系统有限公司,深圳,,11-14
MIG03-AI评价优化高级工程师（深圳）,深圳市腾讯计算机系统有限公司,深圳,,11-14
WXG03-122 微信开放平台算法工程师（广州）,深圳市腾讯计算机系统有限公司,广州,,11-14
MIG12-5G业务研究员（深圳/北京）,深圳市腾讯计算机系统有限公司,深圳,,11-14
TEG03-数据挖掘工程师（深圳）,深圳市腾讯计算机系统有限公司,深圳,,11-14
21557-音视频质量评估算法工程师（深圳）,深圳市腾讯计算机系统有限公司,深圳,,11-14
MIG15-语音识别算法研究员,深圳市腾讯计算机系统有限公司,北京,,11-14
TEG03-高级算法研发工程师（北京）,深圳市腾讯计算机系统有限公司,北京,,11-14
18425-自然语言处理高级工程师（深圳）,深圳市腾讯计算机系统有限公司,深圳,,11-14
20503-AI应用后端开发工程师（上海）,深圳市腾讯计算机系统有限公司,上海,,11-14
SNG11-推荐算法高级研究员（深圳）,深圳市腾讯计算机系统有限公司,深圳,,11-14
AQ-数据安全研究合作经理（北京）,深圳市腾讯计算机系统有限公司,北京,,11-14
AQ-法律研究合作经理（北京）,深圳市腾讯计算机系统有限公司,北京,,11-14
AQ-刑事法律研究合作经理（北京）,深圳市腾讯计算机系统有限公司,北京,,11-14
TEG13-计算机视觉算法工程师（深圳）,深圳市腾讯计算机系统有限公司,深圳,,11-14
WXG08-212 小程序搜索开放高级运营经理（广州）,深圳市腾讯计算机系统有限公司,广州,,11-14
TEG03-数据挖掘工程师（深圳）,深圳市腾讯计算机系统有限公司,深圳,,11-14
TEG03-算法专家（深圳）,深圳市腾讯计算机系统有限公司,深圳,,11-14
SNG08-推荐算法工程师(深圳),深圳市腾讯计算机系统有限公司,深圳,,11-14
SNG02-腾讯云AI算法高级研究员（北京）,深圳市腾讯计算机系统有限公司,北京,,11-14
SNG04-内容平台视觉算法研究员（上海）,深圳市腾讯计算机系统有限公司,上海,,11-14
21557-音视频实验室视频内核专家（深圳/北京/美国）,深圳市腾讯计算机系统有限公司,深圳,,11-14
AQ-法律合作研究经理（深圳）,深圳市腾讯计算机系统有限公司,深圳,,11-14
22989-AI高级应用软件工程师（北京）,深圳市腾讯计算机系统有限公司,北京,,11-14
19332-自然语言处理工程师（上海）,深圳市腾讯计算机系统有限公司,上海,,11-14
WXG06-122 微信支付知识发现高级工程师（深圳）,深圳市腾讯计算机系统有限公司,深圳,,11-14
SNG16-腾讯音乐自然语言处理工程师（深圳）,深圳市腾讯计算机系统有限公司,深圳,,11-14
SNG16-音频算法工程师（深圳）,深圳市腾讯计算机系统有限公司,深圳,,11-14
SNG16-腾讯音乐视觉算法工程师（深圳）,深圳市腾讯计算机系统有限公司,深圳,,11-14
21557-音视频实验室音频算法专家（深圳/北京/美国）,深圳市腾讯计算机系统有限公司,深圳,,11-14
SNG16-腾讯音乐多媒体AI研究员（深圳）,深圳市腾讯计算机系统有限公司,深圳,,11-14
SNG16-QQ音乐/全民k歌搜索算法高级工程师（深圳）,深圳市腾讯计算机系统有限公司,深圳,,11-14
TEG13-语音唤醒算法工程师（北京）,深圳市腾讯计算机系统有限公司,北京,,11-14
SNG02-大数据研发组长（深圳）,深圳市腾讯计算机系统有限公司,深圳,,11-14
SNG16-推荐算法工程师（深圳）,深圳市腾讯计算机系统有限公司,深圳,,11-14
WXG08-122 微信推荐数据挖掘工程师PW（广州）,深圳市腾讯计算机系统有限公司,广州,,11-14
SNG04-内容平台高级策略算法工程师-NLP方向(上海),深圳市腾讯计算机系统有限公司,上海,,11-14
SNG16-腾讯音乐音频算法工程师（深圳）,深圳市腾讯计算机系统有限公司,深圳,,11-14
SNG16-腾讯音乐音频机器学习算法工程师（深圳）,深圳市腾讯计算机系统有限公司,深圳,,11-14
SNG16-腾讯音乐音质检测与评估算法工程师（深圳）,深圳市腾讯计算机系统有限公司,深圳,,11-14
18436-资产证券化云平台金融风控专家,深圳市腾讯计算机系统有限公司,深圳,,11-14
25926-NLP工程师（上海）,深圳市腾讯计算机系统有限公司,上海,,11-14
SA-腾讯社交广告图像视觉算法研究员（QQ广告 深圳）,深圳市腾讯计算机系统有限公司,深圳,,11-14
20503-深度学习视频算法研究员（上海）,深圳市腾讯计算机系统有限公司,上海,,11-14
SNG04-QQ看点算法后台高级开发工程师（上海）,深圳市腾讯计算机系统有限公司,上海,,11-14
SNG04-QQ看点内容AI算法工程师（上海）,深圳市腾讯计算机系统有限公司,上海,,11-14
SNG08-图像算法岗位（上海）,深圳市腾讯计算机系统有限公司,上海,,11-14
SNG08-深度学习（图像处理）研发工程师（上海）,深圳市腾讯计算机系统有限公司,上海,,11-14
SNG11-高级NLP研究员（深圳）,深圳市腾讯计算机系统有限公司,深圳,,11-14
TEG02-运营质量工程师（深圳）,深圳市腾讯计算机系统有限公司,深圳,,11-14
21882-医学NLP研究员,深圳市腾讯计算机系统有限公司,北京,,11-14
21882-医学NLP研究员,深圳市腾讯计算机系统有限公司,深圳,,11-14
15851-游戏人工智能研究员（深圳）,深圳市腾讯计算机系统有限公司,深圳,,11-14
SNG04-内容算法工程师(深圳),深圳市腾讯计算机系统有限公司,深圳,,11-14
多媒体音视频开发工程师（校招）,浙江齐聚科技有限公司（原呱呱视频）,北京-东城区,1-1.5万/月,11-13
编辑（应届生岗位）,科学出版社职教技术出版中心,北京-海淀区,6-8万/年,11-13
学前教育策划编辑,科学出版社职教技术出版中心,北京-海淀区,8-10万/年,11-13
编辑出版岗,上海期货与衍生品研究院有限责任公司,异地招聘,2-2.5万/月,11-13
战略研究与管理岗,上海期货与衍生品研究院有限责任公司,异地招聘,30-40万/年,11-13
高级融资总监,深圳仙瞳资本管理有限公司,深圳-南山区,4-5万/月,11-13
生物医疗投资基金投资经理,深圳仙瞳资本管理有限公司,深圳-南山区,1-2万/月,11-13
高级投资经理(偏财务方向),深圳仙瞳资本管理有限公司,深圳-南山区,1-1.5万/月,11-13
商务采购经理,深圳市中电数通智慧安全科技股份有限公司,深圳-南山区,1-3万/月,11-13
副总裁（商业保理公司）,上实融资租赁有限公司,上海-虹口区,60-100万/年,11-13
总裁（商业保理公司）,上实融资租赁有限公司,上海-虹口区,100万以上/年,11-13
融资租赁项目总监（北京）,上实融资租赁有限公司,北京,50-80万/年,11-13
战略研究经理,PPmoney万惠集团,广州,1.5-2万/月,11-13
（低幼中心）文字编辑,中国少年儿童新闻出版总社,北京-朝阳区,6-8千/月,11-13
（低幼中心）营销编辑,中国少年儿童新闻出版总社,北京-朝阳区,6-8千/月,11-13
地产基金投资经理,同策房产咨询股份有限公司,上海-静安区,30-40万/年,11-13
数据开发工程师,九坤投资（北京）有限公司,北京-海淀区,2-2.5万/月,11-13
量化实现工程师（上海）,九坤投资（北京）有限公司,异地招聘,35-60万/年,11-13
量化策略分析师,九坤投资（北京）有限公司,异地招聘,25-60万/年,11-13
量化策略分析师,九坤投资（北京）有限公司,北京-海淀区,25-60万/年,11-13
国资业务总监,中企云链（北京）金融信息服务有限公司,北京-丰台区,1-1.5万/月,11-13
募资经理（金融机构、上市公司方向）,中企云链（北京）金融信息服务有限公司,北京-丰台区,1.5-2万/月,11-13
募资经理（央企、各地方国有投资平台）,中企云链（北京）金融信息服务有限公司,北京-丰台区,1.5-2万/月,11-13
高级投资经理,中企云链（北京）金融信息服务有限公司,北京-丰台区,2-3万/月,11-13
产品经理,中企云链（北京）金融信息服务有限公司,北京-丰台区,1.5-2万/月,11-13
信用研究员,第一创业证券股份有限公司,深圳-福田区,30-45万/年,11-13
ABS承做岗,上海分公司,北京-西城区,1.5-2.5万/月,11-13
ABS承揽岗,上海分公司,北京-西城区,1.5-2.5万/月,11-13
高级投资经理（直投-北京）,第一创业证券股份有限公司,北京-西城区,1.5-2万/月,11-13
投资经理,第一创业证券股份有限公司,深圳-福田区,1.5-2.5万/月,11-13
做市业务风险管理岗,第一创业证券股份有限公司,深圳,1-2万/月,11-13
并购业务岗,第一创业证券股份有限公司,深圳-福田区,2.5-5万/月,11-13
做市业务部投资经理,第一创业证券股份有限公司,深圳-福田区,1.5-3万/月,11-13
投资助理（医药投资）,上海远大产融投资管理有限公司,上海,10-15万/年,11-13
研究员,五矿经易期货有限公司,深圳,15-20万/年,11-13
业务开发岗（北京）,五矿经易期货有限公司,北京,0.5-1.5万/月,11-13
经济研究员,北京当代金融培训有限公司,北京-朝阳区,0.6-1.2万/月,11-13
金融研究员,北京当代金融培训有限公司,北京-朝阳区,0.6-1.2万/月,11-13
信托研究员,北京当代金融培训有限公司,北京-朝阳区,2.5-3万/月,11-13
高级研究员（北培研究院，年薪30万至100万）,北京当代金融培训有限公司,北京,1-1.5万/月,11-13
合规岗,国海证券股份有限公司,北京,1-1.5万/月,11-13
非银金融行业研究组长,国海证券股份有限公司,异地招聘,2.5-3万/月,11-13
非银金融行业研究组长,国海证券股份有限公司,异地招聘,2.5-3万/月,11-13
非银金融行业研究组长,国海证券股份有限公司,北京,2.5-3万/月,11-13
合规岗,国海证券股份有限公司,北京,1-1.5万/月,11-13
债券质控专员,国海证券股份有限公司,异地招聘,3-4万/月,11-13
债券质控专员,国海证券股份有限公司,异地招聘,3-4万/月,11-13
债券质控专员,国海证券股份有限公司,北京,3-4万/月,11-13
首席宏观分析师,国海证券股份有限公司,异地招聘,5-7万/月,11-13
首席宏观分析师,国海证券股份有限公司,异地招聘,5-7万/月,11-13
首席宏观分析师,国海证券股份有限公司,北京,5-7万/月,11-13
资管产品清算岗,国海证券股份有限公司,上海-黄浦区,1-1.5万/月,11-13
资管产品估值核算岗,国海证券股份有限公司,上海-黄浦区,1.5-2万/月,11-13
风险处置专员,国海证券股份有限公司,异地招聘,2-2.5万/月,11-13
风险处置专员,国海证券股份有限公司,异地招聘,2-2.5万/月,11-13
风险处置专员,国海证券股份有限公司,北京,2-2.5万/月,11-13
法律支持岗,国海证券股份有限公司,深圳-福田区,1-1.5万/月,11-13
Web前端研发工程师,国海证券股份有限公司,深圳-福田区,1-1.5万/月,11-13
宏观分析师,国海证券股份有限公司,异地招聘,2-3万/月,11-13
宏观分析师,国海证券股份有限公司,北京,2-3万/月,11-13
宏观分析师,国海证券股份有限公司,异地招聘,2-3万/月,11-13
产品经理（大数据信贷授信）,上海方付通商务服务有限公司,上海-浦东新区,1.5-3万/月,11-13
产品研究员（000727）,北京万方数据股份有限公司,异地招聘,0.6-1万/月,11-13
记者（医药行业）,医药魔方,北京-朝阳区,0.7-1.4万/月,11-13
高级行业研究员（新能源汽车）,华泰柏瑞基金管理有限公司,上海,3-4.5千/月,11-13
行业研究员（金融行业）,华泰柏瑞基金管理有限公司,上海,1.5-5万/月,11-13
合规管理专岗（市场营销部门）,华泰柏瑞基金管理有限公司,上海,0.8-2万/月,11-13
合规管理专岗（投资管理部门）,华泰柏瑞基金管理有限公司,异地招聘,0.8-2万/月,11-13
机构理财经理,华泰柏瑞基金管理有限公司,上海,0.8-2万/月,11-13
机构理财经理,华泰柏瑞基金管理有限公司,异地招聘,0.8-2万/月,11-13
市场营销策划,华泰柏瑞基金管理有限公司,上海,0.8-2万/月,11-13
高级区域经理,华泰柏瑞基金管理有限公司,深圳-罗湖区,1-3万/月,11-13
专户产品经理/助理,华泰柏瑞基金管理有限公司,上海,10-30万/年,11-13
原油期货研究员,信达期货有限公司,杭州,8-15万/年,11-13
橡胶期货研究员,信达期货有限公司,杭州,8-15万/年,11-13
高级商品期货研究员（黑色）,信达期货有限公司,杭州,0.6-1.2万/月,11-13
量化研究员（总部）,信达期货有限公司,杭州,0.8-1.6万/月,11-13
商品研究员(总部),信达期货有限公司,杭州,0.8-1.6万/月,11-13
信息管理岗,上海期货与衍生品研究院有限责任公司,异地招聘,20-30万/年,11-13
信息管理岗,上海期货与衍生品研究院有限责任公司,上海-浦东新区,20-30万/年,11-13
对外交流岗,上海期货与衍生品研究院有限责任公司,上海-浦东新区,20-30万/年,11-13
编辑出版岗,上海期货与衍生品研究院有限责任公司,上海-浦东新区,20-30万/年,11-13
战略研究与管理岗,上海期货与衍生品研究院有限责任公司,上海-浦东新区,30-40万/年,11-13
高频交易量化工程师,上海鸣熙资产管理有限公司,上海-浦东新区,1-2万/月,11-13
量化策略研究实习生-深圳-01099,北京比特大陆科技有限公司,深圳-南山区,6-8千/月,11-13
工业品研究员,中银国际期货有限责任公司,上海-浦东新区,0.6-1.2万/月,11-12
原油期货研究员,中银国际期货有限责任公司,上海-浦东新区,20-50万/年,11-12
股指期货研究员,中银国际期货有限责任公司,上海-浦东新区,0.8-1万/月,11-12
能源化工研究员,中银国际期货有限责任公司,上海-浦东新区,1-1.5万/月,11-12
商品期货研究员（期现结合方向）,恒泰期货股份有限公司,上海-浦东新区,0.7-1.2万/月,11-12
基金经理助理,益民基金管理有限公司北京分公司,北京-西城区,40-60万/年,11-12
研究部负责人,益民基金管理有限公司北京分公司,北京-西城区,60-100万/年,11-12
宏观策略分析师,益民基金管理有限公司北京分公司,北京-西城区,30-50万/年,11-12
金融工程岗位,益民基金管理有限公司北京分公司,北京-西城区,25-40万/年,11-12
债券研究员,益民基金管理有限公司北京分公司,北京-西城区,25-40万/年,11-12
行业研究员,益民基金管理有限公司北京分公司,北京-西城区,25-45万/年,11-12
交易部负责人,益民基金管理有限公司北京分公司,北京-西城区,40-60万/年,11-12
产品经理,益民基金管理有限公司北京分公司,北京-西城区,20-30万/年,11-12
北京分社《教师月刊》编辑,华东师范大学出版社有限公司,北京-朝阳区,8-10万/年,11-12
北京分社 图书编辑,华东师范大学出版社有限公司,异地招聘,6-8万/年,11-12
基教分社 基础教育数学教材编辑,华东师范大学出版社有限公司,上海-普陀区,5-6千/月,11-12
投资总监,浙江复聚投资管理有限公司,杭州-西湖区,1-3万/月,11-12
投资分析助理,浙江复聚投资管理有限公司,杭州-西湖区,0.8-1万/月,11-12
初级分析员（Junior Analyst）,德施利安资产管理（上海）股份有限公司,上海-长宁区,1.5-2万/月,11-12
实习初级分析员（Intern Junior Analyst）,德施利安资产管理（上海）股份有限公司,上海-长宁区,3-4.5千/月,11-12
首席风控官（CRO）,德施利安资产管理（上海）股份有限公司,上海-长宁区,10万以上/月,11-12
00488-证券基金高级研究员,上海诺亚金融服务有限公司,上海-杨浦区,1.5-2万/月,11-12
行业研究员,上海浙商博瑞资产管理研究咨询有限公司,上海-黄浦区,15-25万/年,11-12
投资经理,上海椅跬蹲使芾碛邢薰司,上海,1-5万/月,11-12
机构销售（上海）,广发基金管理有限公司,上海-浦东新区,1.5-2.5万/月,11-12
互联网资深运营策划经理,广发基金管理有限公司,广州,1.5-2.5万/月,11-12
专户管理岗,广发基金管理有限公司,广州,1.5-2.5万/月,11-12
基金会计,广发基金管理有限公司,广州,20-30万/年,11-12
规划研究员,广发基金管理有限公司,广州-海珠区,20-30万/年,11-12
行业研究员（消费）,广发基金管理有限公司,广州,1.5-4万/月,11-12
行业研究员（消费）,广发基金管理有限公司,异地招聘,1.5-4万/月,11-12
债券交易员,广发基金管理有限公司,广州,20-30万/年,11-12
产品研究岗,广发基金管理有限公司,北京-西城区,1.5-2万/月,11-12
行业研究员（化工业）,广发基金管理有限公司,广州,1.5-4万/月,11-12
行业研究员（化工业）,广发基金管理有限公司,异地招聘,1.5-4万/月,11-12
行业研究员（化工业）,广发基金管理有限公司,异地招聘,1.5-4万/月,11-12
行业研究员（医药）,广发基金管理有限公司,广州,1.5-4万/月,11-12
行业研究员（医药）,广发基金管理有限公司,异地招聘,1.5-4万/月,11-12
行业研究员（医药）,广发基金管理有限公司,异地招聘,1.5-4万/月,11-12
行业研究员（传媒业）,广发基金管理有限公司,广州,1.5-4万/月,11-12
行业研究员（传媒业）,广发基金管理有限公司,异地招聘,1.5-4万/月,11-12
行业研究员（传媒业）,广发基金管理有限公司,异地招聘,1.5-4万/月,11-12
行业研究员（制造业）,广发基金管理有限公司,广州,1.5-2.5万/月,11-12
行业研究员（制造业）,广发基金管理有限公司,异地招聘,1.5-2.5万/月,11-12
行业研究员（制造业）,广发基金管理有限公司,异地招聘,1.5-2.5万/月,11-12
QDII海外研究员,广发基金管理有限公司,广州,1.5-3万/月,11-12
研究员,华宝证券有限责任公司,上海,1-2万/月,11-12
研究院各个领域大组组长,联讯证券股份有限公司,异地招聘,2.5-5万/月,11-12
研究院各个领域大组组长,联讯证券股份有限公司,北京-朝阳区,2.5-5万/月,11-12
销售总监、首席销售经理、销售经理,联讯证券股份有限公司,深圳,1-2.5万/月,11-12
销售总监、首席销售经理、销售经理,联讯证券股份有限公司,上海-浦东新区,1-2.5万/月,11-12
销售总监、首席销售经理、销售经理,联讯证券股份有限公司,北京-朝阳区,1-2.5万/月,11-12
行业高级分析师、分析师、分析师助理,联讯证券股份有限公司,深圳,1-2.5万/月,11-12
行业高级分析师、分析师、分析师助理,联讯证券股份有限公司,上海-浦东新区,1-2.5万/月,11-12
行业高级分析师、分析师、分析师助理,联讯证券股份有限公司,北京-朝阳区,1-2.5万/月,11-12
行业首席分析师/行业组长,联讯证券股份有限公司,深圳,2.5-5万/月,11-12
行业首席分析师/行业组长,联讯证券股份有限公司,上海-浦东新区,2.5-5万/月,11-12
行业首席分析师/行业组长,联讯证券股份有限公司,北京-朝阳区,2.5-5万/月,11-12
期货主观研究员,爱晖资产管理（上海）有限公司,上海-黄浦区,20-30万/年,11-12
证券研究员,爱晖资产管理（上海）有限公司,上海-黄浦区,20-30万/年,11-12
投资经理,爱晖资产管理（上海）有限公司,上海-黄浦区,15-30万/年,11-12
投资银行部-债券业务总监,爱建证券有限责任公司,上海,1-5万/月,11-12
资产管理总部-高级投资经理,爱建证券有限责任公司,上海,15-25万/年,11-12
财富管理业务部―产品经理,爱建证券有限责任公司,上海,10-15万/年,11-12
行业分析师,东北证券股份有限公司,异地招聘,,11-12
行业分析师,东北证券股份有限公司,异地招聘,,11-12
基金投资经理岗,东北证券股份有限公司,上海,,11-12
项目经理,东北证券股份有限公司,杭州,,11-12
高级项目经理,东北证券股份有限公司,北京,,11-12
销售助理,东北证券股份有限公司,上海,,11-12
大类资产配置类投资经理/投资经理助理,东北证券股份有限公司,上海,,11-12
（权益）研究部总经理,东北证券股份有限公司,上海,,11-12
项目经理（法务或风控）,东北证券股份有限公司,北京,,11-12
项目经理（法务或风控）,东北证券股份有限公司,杭州,,11-12
高级投资经理,东北证券股份有限公司,异地招聘,,11-12
投资经理,东北证券股份有限公司,上海,,11-12
结构融资部副总经理,东北证券股份有限公司,北京,,11-12
结构融资部副总经理,东北证券股份有限公司,上海,,11-12
资产证券化项目经理,东北证券股份有限公司,上海,,11-12
项目经理（资产管理）,东北证券股份有限公司,上海,,11-12
项目经理（法务或风控）,东北证券股份有限公司,上海,,11-12
场外衍生品销售岗,东北证券股份有限公司,上海,,11-12
场外衍生品投资经理,东北证券股份有限公司,上海,,11-12
会务岗,东北证券股份有限公司,上海,,11-12
战略规划岗,东北证券股份有限公司,上海,,11-12
机构销售经理,东北证券股份有限公司,深圳,,11-12
金融工程分析师,东北证券股份有限公司,上海,,11-12
宏观分析师,东北证券股份有限公司,上海,,11-12
固收分析师,东北证券股份有限公司,北京,,11-12
量化基金经理,广州红猫资产管理有限公司,广州-海珠区,80-100万/年,11-12
高级量化研究员,广州红猫资产管理有限公司,广州-海珠区,40-50万/年,11-12
高级客户经理,上海宽创国际文化科技股份有限公司,异地招聘,1-2万/月,11-12
股票量化投资经理,上海雷根资产管理有限公司,上海,3-4万/月,11-12
量化--交易员,上海雷根资产管理有限公司,上海,0.8-1.2万/月,11-12
高级分析师,上海鸿网电子商务有限公司,上海-嘉定区,1-1.5万/月,11-12
资讯研究员,上海鸿网电子商务有限公司,上海-嘉定区,0.6-1.2万/月,11-12
大金融行业研究员,东亚前海证券有限责任公司,深圳-福田区,20-30万/年,11-12
大金融行业研究员,东亚前海证券有限责任公司,异地招聘,20-30万/年,11-12
大消费股票研究员,高致（上海）投资管理有限公司,上海-浦东新区,20-30万/年,11-12
股票周期品行业研究员,高致（上海）投资管理有限公司,上海-浦东新区,20-30万/年,11-12
行业研究主管（股票二级市场，自下而上方向）,高致（上海）投资管理有限公司,上海-浦东新区,20-30万/年,11-12
网络推广经理,东莞证券股份有限公司,异地招聘,1-1.5万/月,11-11
市场推广经理,东莞证券股份有限公司,异地招聘,1-1.5万/月,11-11
债务融资总部-销售负责人,东莞证券股份有限公司,异地招聘,30-40万/年,11-11
债务融资总部-债券承揽承做岗,东莞证券股份有限公司,异地招聘,20-30万/年,11-11
债务融资总部-债券承揽承做岗,东莞证券股份有限公司,异地招聘,20-30万/年,11-11
债务融资总部-债券承揽承做岗,东莞证券股份有限公司,异地招聘,20-30万/年,11-11
固定收益部-资金融通岗,东莞证券股份有限公司,上海-浦东新区,0.8-1万/月,11-11
互联网营销经理,东莞证券股份有限公司,异地招聘,1-1.5万/月,11-11
互联网营销经理,东莞证券股份有限公司,异地招聘,1-1.5万/月,11-11
互联网金融平台运营岗,东莞证券股份有限公司,异地招聘,1-1.5万/月,11-11
互联网金融平台运营岗,东莞证券股份有限公司,异地招聘,1-1.5万/月,11-11
互联网运营岗,东莞证券股份有限公司,异地招聘,1-1.5万/月,11-11
互联网运营岗,东莞证券股份有限公司,异地招聘,1-1.5万/月,11-11
市场推广经理,东莞证券股份有限公司,异地招聘,1-1.5万/月,11-11
风险管理部-风险管理系统开发岗,东莞证券股份有限公司,异地招聘,20-35万/年,11-11
风险管理部-风险管理系统开发岗,东莞证券股份有限公司,异地招聘,20-35万/年,11-11
大消费行业研究员,上海度库资产管理合伙企业（有限合伙）,杭州,1-1.5万/月,11-11
反向研究员,上海度库资产管理合伙企业（有限合伙）,杭州,1-1.5万/月,11-11
投资总监,深圳市安卓信创业投资有限公司,深圳,1.5-2万/月,11-11
海归硕士金融资产配置,品今（北京）投资基金管理有限公司,北京-朝阳区,0.8-1万/月,11-10
海归硕士（资产配置岗）,品今（北京）投资基金管理有限公司,北京-朝阳区,1-1.5万/月,11-10
亚博科技-人工智能算法专家,阿里巴巴集团,北京,,11-10
数据技术及产品部-算法专家-杭州,阿里巴巴集团,杭州,,11-10
专户投资部负责人-上海-00068,财通基金管理有限公司,上海,100万以上/年,11-10
研究岗（保险及资管研究方向）,华宝证券有限责任公司,上海,1-2万/月,11-10
高级CTA量化策略分析师（基金经理）,上海泓信投资管理有限公司,上海,2.5-3万/月,11-09
金融研究员（债券市场、票据市场研究方向）,上海福银投资控股集团有限公司,上海,1-3万/月,11-09
高级/助理研究员（基本金属及贵金属）,国泰君安期货有限公司,上海,18-36万/年,11-09
做市业务部交易岗(风险子公司),国泰君安期货有限公司,上海,1.5-2.2万/月,11-09
期权高级研究员,国泰君安期货有限公司,上海,25-50万/年,11-09
场外衍生品部对冲交易岗（风险子公司）,国泰君安期货有限公司,上海,1-1.5万/月,11-09
产品战略部高级经理 (P000295),财通基金管理有限公司,异地招聘,30-50万/年,11-09
产品战略部高级经理 (P000295),财通基金管理有限公司,异地招聘,30-50万/年,11-09
产品战略部高级经理 (P000295),财通基金管理有限公司,异地招聘,30-50万/年,11-09
股权投资经理,浙银钜鑫（杭州）资本管理有限公司,深圳-福田区,2-4万/月,11-09
金融/经济研究员,浙银钜鑫（杭州）资本管理有限公司,深圳-福田区,0.8-1.5万/月,11-09
部门总经理助理,泰拓融资租赁（上海）有限公司,上海-浦东新区,4.5-6千/月,11-09
文本大数据分析师,中经网数据有限公司,北京-西城区,0.5-1万/月,11-09
风控主管,诺德基金管理有限公司,上海-浦东新区,1.2-1.8万/月,11-08
大宗商品行业研究员（方正物产）,北大方正物产集团有限公司,北京-海淀区,1-2万/月,11-08
经纪业务督导岗,财通证券股份有限公司,杭州-西湖区,1-1.5万/月,11-08
区域投行专职合规管理人员,财通证券股份有限公司,北京,1-1.5万/月,11-08
销售经理助理,西部利得基金管理有限公司,北京-东城区,10-20万/年,11-08
市场部渠道负责人,西部利得基金管理有限公司,上海-浦东新区,40-50万/年,11-08
基金经理助理,西部利得基金管理有限公司,上海-浦东新区,20-30万/年,11-08
商务拓展经理,西部利得基金管理有限公司,上海-浦东新区,15-30万/年,11-08
产品经理,西部利得基金管理有限公司,上海-浦东新区,25-35万/年,11-08
销售团队负责人,西部利得基金管理有限公司,北京-东城区,40-50万/年,11-08
信用评级/信用分析师,西部利得基金管理有限公司,上海-浦东新区,15-30万/年,11-08
（高级）投资经理/基金经理,西部利得基金管理有限公司,上海-浦东新区,35-60万/年,11-08
销售经理（机构）,西部利得基金管理有限公司,上海-浦东新区,20-30万/年,11-08
市场部机构负责人,西部利得基金管理有限公司,上海-浦东新区,40-50万/年,11-08
产品经理-IBD,北京四维图新科技股份有限公司,北京-海淀区,1-2万/月,11-08
产品经理-HLW,北京四维图新科技股份有限公司,北京-海淀区,1-2万/月,11-08
量化策略研究员招聘,上海微投股权投资基金管理有限公司,上海-浦东新区,2.5-3万/月,11-08
游戏商务,广州虎牙信息科技有限公司,广州-番禺区,1.3-1.8万/月,11-08
商业化高级产品经理,广州虎牙信息科技有限公司,广州-番禺区,2-3.5万/月,11-08
编辑（知识付费方向）,中信出版集团股份有限公司,北京-朝阳区,0.6-1.2万/月,11-08
新媒体编辑（市场部）,中信出版集团股份有限公司,北京-朝阳区,0.7-1.4万/月,11-08
行业研究员,深圳前海凯岩资产管理有限公司,深圳-福田区,1.5-2万/月,11-08
证券事务岗,华金证券股份有限公司,上海-浦东新区,1-1.5万/月,11-07
营销管理岗,华金证券股份有限公司,上海-浦东新区,1-1.5万/月,11-07
PB业务支持岗,华金证券股份有限公司,上海-浦东新区,1-1.5万/月,11-07
证券事务高级经理,华金证券股份有限公司,上海-浦东新区,2-2.5万/月,11-07
渠道管理岗,华金证券股份有限公司,上海-浦东新区,1-1.5万/月,11-07
国企出版社-----图书编辑,人民东方（北京）书业有限公司,北京-东城区,0.8-1万/月,11-07
投资研究岗（建材化工行业）,安信证券股份有限公司,深圳,1.5-2万/月,11-07
风控人员,安信证券股份有限公司,深圳,1.5-2万/月,11-07
资深信用研究员,安信证券股份有限公司,深圳,1.5-2万/月,11-07
股票投资经理,安信证券股份有限公司,深圳,1.5-2万/月,11-07
投行业务岗(深圳),安信证券股份有限公司,深圳-福田区,1.5-2万/月,11-07
ABS承做岗,安信证券股份有限公司,深圳,1.5-2万/月,11-07
QDII投资经理,安信证券股份有限公司,深圳,1.5-2万/月,11-07
投资研究岗（机械电新行业）,安信证券股份有限公司,深圳,1.5-2万/月,11-07
投行业务岗(（并购重组方向））,安信证券股份有限公司,异地招聘,1.5-2万/月,11-07
投行业务岗(北京)-并购融资部,安信证券股份有限公司,北京-西城区,1.5-2万/月,11-07
投行业务岗(北京),安信证券股份有限公司,北京,1.5-2万/月,11-07
投行业务岗(深圳),安信证券股份有限公司,深圳,1.5-2万/月,11-07
绿色金融分析师/高级分析师,东方金诚国际信用评估有限公司,北京,0.8-1万/月,11-07
国家主权评级分析师/高级分析师,东方金诚国际信用评估有限公司,北京,0.8-1万/月,11-07
结构融资分析师/高级分析师,东方金诚国际信用评估有限公司,北京,0.8-1万/月,11-07
金融业务分析师/高级分析师,东方金诚国际信用评估有限公司,上海,0.8-1万/月,11-07
公用事业分析师/高级分析师,东方金诚国际信用评估有限公司,北京,0.8-1万/月,11-07
机构服务体系建设岗,华泰期货有限公司,深圳-福田区,2-2.5万/月,11-07
机构服务岗（项目管理）（农产品、有色、黑色、能化）,华泰期货有限公司,深圳-福田区,2-2.5万/月,11-07
产业项目经理,华泰期货有限公司,深圳-福田区,2-2.5万/月,11-07
PTA/MEG研究员,华泰期货有限公司,深圳-福田区,1.5-2万/月,11-07
PTA/MEG研究员,华泰期货有限公司,异地招聘,1.5-2万/月,11-07
机器学习量化研究员,华泰期货有限公司,深圳-福田区,15-20万/年,11-07
股指期货研究岗,华泰期货有限公司,深圳-福田区,20-30万/年,11-07
黑色建材研究员,华泰期货有限公司,异地招聘,1-1.5万/月,11-07
黑色建材研究员,华泰期货有限公司,异地招聘,1-1.5万/月,11-07
黑色建材研究员,华泰期货有限公司,深圳-福田区,1-1.5万/月,11-07
国债期货研究助理,华泰期货有限公司,深圳-福田区,1-1.5万/月,11-07
宏观策略研究岗,华泰期货有限公司,深圳-福田区,1.5-2万/月,11-07
商品策略研究岗,华泰期货有限公司,深圳-福田区,20-30万/年,11-07
原油衍生品研究助理,华泰期货有限公司,深圳-福田区,1-1.5万/月,11-07
化工研究员,华泰期货有限公司,异地招聘,1.5-2万/月,11-07
化工研究员,华泰期货有限公司,深圳-福田区,1.5-2万/月,11-07
有色研究员,华泰期货有限公司,深圳-福田区,20-30万/年,11-07
黑色建材研究员,华泰期货有限公司,深圳-福田区,1-1.5万/月,11-07
研究员（白糖）,华泰期货有限公司,上海,1.5-2万/月,11-07
动力煤研究员,华泰期货有限公司,异地招聘,1.5-2万/月,11-07
动力煤研究员,华泰期货有限公司,上海,1.5-2万/月,11-07
外汇期货研究岗,华泰期货有限公司,上海,20-30万/年,11-07
股指期货研究岗,华泰期货有限公司,上海,1.5-2万/月,11-07
宏观策略研究岗,华泰期货有限公司,上海,1.5-2万/月,11-07
黑色建材实习生,华泰期货有限公司,深圳-福田区,2-3千/月,11-07
有色实习生,华泰期货有限公司,上海,2-3千/月,11-07
黑色建材实习生,华泰期货有限公司,上海,2-3千/月,11-07
黑色建材研究员,华泰期货有限公司,上海,1-1.5万/月,11-07
有色研究员,华泰期货有限公司,上海,20-30万/年,11-07
留学生储备管理（带薪培训）,徽仁M盈资产管理（上海）有限公司,上海-静安区,0.8-1万/月,11-07
基金经理助理/研究员,易知（北京）投资有限责任公司,北京-西城区,0.7-3万/月,11-06
基金经理助理/研究员,易知（北京）投资有限责任公司,北京-西城区,0.7-3万/月,11-06
基金经理助理/研究员,易知（北京）投资有限责任公司,北京-西城区,1-1.5万/月,11-06
基金经理助理/研究员,易知（北京）投资有限责任公司,北京-西城区,0.7-3万/月,11-06
基金经理助理/研究员,易知（北京）投资有限责任公司,北京-西城区,0.8-3万/月,11-06
基金经理助理/研究员,易知（北京）投资有限责任公司,北京-西城区,0.7-3万/月,11-06
基金经理助理/研究员,易知（北京）投资有限责任公司,北京-西城区,0.7-3万/月,11-06
信用业务风险管理岗,五矿证券有限公司,深圳,1-1.5万/月,11-06
风险监测岗,五矿证券有限公司,深圳,0.8-1万/月,11-06
投资银行事业部保荐代表人团队负责人,五矿证券有限公司,深圳,2-4万/月,11-06
投资银行事业部保荐代表人团队负责人,五矿证券有限公司,异地招聘,2-4万/月,11-06
投资银行事业部保荐代表人团队负责人,五矿证券有限公司,异地招聘,2-4万/月,11-06
投资银行事业部保荐代表人团队负责人,五矿证券有限公司,异地招聘,2-4万/月,11-06
法务、高级投资经理,深圳市昆石投资有限公司,深圳-南山区,1.5-2.5万/月,11-06
法务、风控助理,深圳市昆石投资有限公司,深圳-南山区,6.9-9.9千/月,11-06
高级投资经理,深圳市昆石投资有限公司,北京-海淀区,1-1.5万/月,11-06
互联网平台系统架构师,上海慧岸企业发展有限公司,上海,2-2.5万/月,11-06
AI高级工程师,上海慧岸企业发展有限公司,上海,2-2.5万/月,11-06
Business & Financial Services-Senior Consultant,弗若斯特沙利文（北京）咨询有限公司上海分公司,上海-徐汇区,1-1.5万/月,11-06
FOF基金研究员,深圳前海川谷信息技术有限公司,北京-朝阳区,1.5-3万/月,11-05
公募基金研究负责人,深圳前海川谷信息技术有限公司,北京-朝阳区,1.5-3万/月,11-05
高级量化投资经理（总监）,深圳前海川谷信息技术有限公司,北京-朝阳区,1.5-2万/月,11-05
金融工程研究员,深圳前海川谷信息技术有限公司,北京-朝阳区,1.5-2万/月,11-05
研究员,北京融城教育咨询有限公司,北京-西城区,1.2-2.4万/月,11-05
社长助理,《中国医药导报》杂志社,北京-朝阳区,5-8千/月,11-05
行业研究员,格上财富,北京,1-1.8万/月,11-05
助理量化投资经理,天演资本,异地招聘,50-100万/年,11-05
助理量化投资经理,天演资本,异地招聘,50-100万/年,11-05
助理量化投资经理,天演资本,上海-浦东新区,50-100万/年,11-05
期权策略研究员,天演资本,异地招聘,50-100万/年,11-05
期权策略研究员,天演资本,异地招聘,50-100万/年,11-05
期权策略研究员,天演资本,异地招聘,50-100万/年,11-05
期权策略研究员,天演资本,上海-浦东新区,50-100万/年,11-05
金融工程师,天演资本,上海-浦东新区,50-100万/年,11-05
合规兼综合（深圳八卦一路营业部）,华福证券有限责任公司,深圳-福田区,0.8-1万/月,11-05
私募证券基金策划顾问,前海企加速孵化器（深圳）有限公司,深圳,1.5-5万/月,11-05
投资研究岗,太平投资控股有限公司,北京-西城区,30-40万/年,11-05
行业研究员（TMT行业）,上海度库资产管理合伙企业（有限合伙）,杭州,1-1.5万/月,11-04
项目经理（财务方向+硕士优先）,驴妈妈旅游网,上海-普陀区,0.7-1.4万/月,11-04
研究总监(旅游),上海大游网络科技有限公司,上海-静安区,1.5-2万/月,11-03
高级投资经理/投资经理,上海国鑫投资发展有限公司,上海-徐汇区,20-30万/年,11-03
风控经理,上海国鑫投资发展有限公司,上海-徐汇区,20-30万/年,11-03
衍生品风控岗,华泰长城资本管理有限公司,深圳-福田区,1.5-2万/月,11-03
合规兼综合（深圳彩田路营业部）,华福证券有限责任公司,深圳-福田区,1-1.5万/月,11-03
行业研究员（校）,建信期货有限责任公司,上海-浦东新区,8-10万/年,11-02
投资经理,深圳市前海诚帮金融服务有限公司,广州-天河区,30-40万/年,11-02
策划编辑,北京八本坊文化传播有限公司,北京-海淀区,6-8千/月,11-02
产品经理,宽凳（北京）科技有限公司,北京-朝阳区,0.8-2万/月,11-02
华福证券天河路证券营业部合规综合专员,华福证券有限责任公司,广州-越秀区,1-1.5万/月,11-02
工商企业分析师/高级分析师,东方金诚国际信用评估有限公司,北京,0.8-1万/月,11-02
投资经理,上海复星高科技（集团）有限公司,异地招聘,1.5-2万/月,11-02
证券市场  首席行业分析师,深圳市前海诚帮金融服务有限公司,深圳-南山区,2-2.5万/月,11-02
阿拉伯语编辑（2019届校园招聘）,外语教学与研究出版社,北京,0.8-1万/月,11-02
信息科技部安全管理岗,华福证券有限责任公司,上海,2-2.5万/月,11-02
华福证券上海静安区北京西路合规兼综合人员,华福证券有限责任公司,上海-静安区,1.5-1.5万/月,11-02
数字产品经理,科学出版社职教技术出版中心,北京-海淀区,15-20万/年,11-02
数据科学家（大数据应用部）,北京四维智联科技有限公司,北京-海淀区,3-5万/月,11-01
首席数据科学家（大数据应用部）,北京四维智联科技有限公司,北京-海淀区,3-5万/月,11-01
交易策略师,上海普兰金融服务有限公司,上海,1-1.5万/月,11-01
股权投资业务总监,深圳麦高控股股份有限公司,深圳-福田区,2-2.5万/月,10-31
投行业务总监,深圳麦高控股股份有限公司,深圳-福田区,2-2.5万/月,10-31
权益投资部-权益投资研究助理,中电投先融（上海）资产管理有限公司,上海-黄浦区,10-20万/年,10-31
产品设计与研究部-助理研究员,中电投先融（上海）资产管理有限公司,上海-黄浦区,10-20万/年,10-31
产品设计与研究部 部门经理（负责人）,中电投先融（上海）资产管理有限公司,上海-黄浦区,25-60万/年,10-31
权益类投资经理,中电投先融（上海）资产管理有限公司,上海-黄浦区,30-80万/年,10-31
Model Validator(风控模型验证),美国道富,杭州,1-1.5万/月,10-30
Risk Analyst(风险量化分析),美国道富,杭州,15-20万/年,10-30
投资分析总监――资产配置,上海复星高科技（集团）有限公司,上海-黄浦区,1.5-2.5万/月,10-30
结构融资分析师,中证鹏元资信评估股份有限公司,深圳,1-1.5万/月,10-30
数量模型分析师,中证鹏元资信评估股份有限公司,深圳,2-3万/月,10-30
机构服务经理,中证鹏元资信评估股份有限公司,上海,10-15万/年,10-30
结构融资评级分析师,中证鹏元资信评估股份有限公司,深圳,10-15万/年,10-30
信用评级分析师（上海）,中证鹏元资信评估股份有限公司,上海-浦东新区,1-1.2万/月,10-30
债券评级分析师（北京市）,中证鹏元资信评估股份有限公司,北京-东城区,1-1.2万/月,10-30
生物医药基金运营经理,杭州和达金融服务有限公司,杭州-江干区,14-16万/年,10-30
生物医药基金行业分析师,杭州和达金融服务有限公司,杭州-江干区,16-18万/年,10-30
生物医药基金投资经理,杭州和达金融服务有限公司,杭州-江干区,19-22万/年,10-30
研究员,国泰元鑫资产管理有限公司,上海-虹口区,15-20万/年,10-30
董事总经理（MD）,国泰元鑫资产管理有限公司,上海-虹口区,80-100万/年,10-30
收益经理(财务),驴妈妈旅游网,上海-普陀区,0.7-1.4万/月,10-30
互联网保险系统开发岗位,中国人民健康保险股份有限公司深圳分公司,异地招聘,1-1.5万/月,10-30
策划编辑,北京八本坊文化传播有限公司,北京-海淀区,6-8千/月,10-29
投资总监（节能环保行业、装备制造行业）,北京智德盛投资顾问有限公司,北京,2-3万/月,10-29
并购项目经理/投行项目经理/注册会计师,北京智德盛投资顾问有限公司,北京-东城区,1-1.5万/月,10-29
国资业务总监,北京智德盛投资顾问有限公司,北京,1-1.5万/月,10-29
并购部总监,北京智德盛投资顾问有限公司,北京,1.5-2万/月,10-29
PPP高级项目经理,广州市天则区域发展研究中心,广州-天河区,6-8千/月,10-29
投行业务存续期督导岗,华福证券有限责任公司,上海-浦东新区,15-20万/年,10-29
风险政策(002097),瓜子二手车,北京-海淀区,1.5-2万/月,10-29
公司产业新闻编辑记者,中国外汇管理杂志社,北京,10-15万/年,10-29
项目经理/收益,驴妈妈旅游网,上海-普陀区,0.8-1万/月,10-28
收益经理(财务),驴妈妈旅游网,上海-普陀区,0.7-1.5万/月,10-28
PE业务人员,上海易懋企业管理有限公司,上海,1-1.5万/月,10-26
并购业务人员,上海易懋企业管理有限公司,上海,1-1.5万/月,10-26
投行项目经理,上海易懋企业管理有限公司,上海,1-1.5万/月,10-26
黑色系商品期货分析师,中电投先融期货股份有限公司,北京-西城区,0.8-1万/月,10-26
医疗项目部经理（干细胞领域）,名微控股集团（上海）有限公司,上海-浦东新区,2-2.5万/月,10-26
投资经理（地产基金）,广东碧桂园资产管理有限公司,深圳,1.5-2万/月,10-26
投资经理,广东碧桂园资产管理有限公司,深圳-福田区,2-2.5万/月,10-26
高级投资咨询顾问,中电投先融期货股份有限公司,北京,1-1.5万/月,10-26
战略发展相关负责人,中电投先融期货股份有限公司,北京,2-2.5万/月,10-26
期权金融研究员,中电投先融期货股份有限公司,北京-西城区,1.2-1.5万/月,10-26
搜索排序经理#3183,美团点评,北京,2-2.5万/月,10-25
排序产品经理#3182,美团点评,北京,2-2.5万/月,10-25
投资总监,上海中屹投资有限公司,上海,2.5-3万/月,10-25
投资总监,上海中屹投资有限公司,上海,30-40万/年,10-25
财富顾问,招商证券股份有限公司广州天河北路证券营业部,广州,0.8-1万/月,10-25
广东分公司业务总监,招商证券股份有限公司广州天河北路证券营业部,广州-天河区,1-1.5万/月,10-25
投资经理（生物医药方向）,深圳澳银资本管理有限公司,深圳-南山区,1.2-2万/月,10-25
期权前台运营,上海中财期货有限公司,上海-徐汇区,0.7-1万/月,10-25
资管风控岗,上海中财期货有限公司,上海-浦东新区,4-7千/月,10-25
资管条线-投资总监,联储证券有限责任公司,北京-朝阳区,2-3.5万/月,10-24
资管条线-研究部总监,联储证券有限责任公司,北京-朝阳区,2.5-3.5万/月,10-24
资管条线-信用研究,联储证券有限责任公司,北京-朝阳区,1.2-2万/月,10-24
资管条线-量化策略研究,联储证券有限责任公司,北京-朝阳区,1.2-2万/月,10-24
资管条线-宏观及债权策略研究,联储证券有限责任公司,北京-朝阳区,1.2-2万/月,10-24
权益类研究员,联储证券有限责任公司,深圳,1.2-2万/月,10-24
权益类及衍生品投资经理,联储证券有限责任公司,深圳,1.2-2万/月,10-24
财富管理总部-FOF投资经理,联储证券有限责任公司,上海-浦东新区,1.5-3万/月,10-24
大投行条线-保荐代表人,联储证券有限责任公司,上海-浦东新区,100万以上/年,10-24
受托管理部-受托管理岗,联储证券有限责任公司,上海-浦东新区,1-1.5万/月,10-24
固定收益事业部-资深宏观利率研究员,联储证券有限责任公司,深圳-福田区,1.2-2万/月,10-24
资管条线-标准化产品交易员,联储证券有限责任公司,上海-浦东新区,0.8-1.2万/月,10-24
私募子公司-风险副总监,联储证券有限责任公司,上海-浦东新区,1.5-2.5万/月,10-24
私募子公司-投资总监,联储证券有限责任公司,上海-浦东新区,2.5-4万/月,10-24
资管分公司-产品设计岗,联储证券有限责任公司,上海-浦东新区,1.8-3万/月,10-24
19届校招-经纪金融产品部-产品管理岗,联储证券有限责任公司,北京-朝阳区,6-8千/月,10-24
19届校招-经纪信用业务部-信用业务岗,联储证券有限责任公司,北京-朝阳区,6-8千/月,10-24
19届校招-质量控制总部-质控审核岗,联储证券有限责任公司,上海-浦东新区,6-8千/月,10-24
19届校招-资金计划部-渠道拓展岗,联储证券有限责任公司,上海-浦东新区,6-8千/月,10-24
19届校招-机构业务总部-战略客户研究岗,联储证券有限责任公司,北京-朝阳区,6-8千/月,10-24
19届校招-机构业务总部-战略客户研究岗,联储证券有限责任公司,上海-浦东新区,6-8千/月,10-24
19届校招-投行条线-项目经理,联储证券有限责任公司,深圳-福田区,6-8千/月,10-24
19届校招-投行条线-项目经理,联储证券有限责任公司,上海-浦东新区,6-8千/月,10-24
宏观研究员,湘财证券股份有限公司,上海-浦东新区,1-2万/月,10-24
金融工程研究员,湘财证券股份有限公司,上海-浦东新区,1-2万/月,10-24
研究所-资源与环境研究中心-中心长,国金证券股份有限公司,上海,5-7万/月,10-24
研究所-资源与环境研究中心-中心长,国金证券股份有限公司,异地招聘,5-7万/月,10-24
研究所-资源与环境研究中心-中心长,国金证券股份有限公司,异地招聘,5-7万/月,10-24
资管-信用分析师/主管,国金证券股份有限公司,上海,1-2万/月,10-24
资管-信用融资部-机构销售,国金证券股份有限公司,异地招聘,1-1.5万/月,10-24
资管 - 债券交易员,国金证券股份有限公司,上海,0.8-1.5万/月,10-24
资管-信用融资部-机构销售,国金证券股份有限公司,北京,1-1.5万/月,10-24
资管-机构销售,国金证券股份有限公司,上海-浦东新区,1-2万/月,10-24
机构客户服务专员,宏源期货有限公司,北京-海淀区,10-15万/年,10-24
期权业务总监,宏源期货有限公司,上海-浦东新区,20-30万/年,10-24
期权策略交易总监,宏源期货有限公司,上海-浦东新区,20-30万/年,10-24
项目经理,宏源期货有限公司,北京-海淀区,10-15万/年,10-24
产品经理,宏源期货有限公司,北京-海淀区,10-15万/年,10-24
黑色研究员,宏源期货有限公司,杭州-拱墅区,10-15万/年,10-24
有色研究员,宏源期货有限公司,杭州-拱墅区,10-15万/年,10-24
英语专职高级编辑,北京世纪高教图书有限公司,北京,1.5-2万/月,10-24
营销团队考核管理岗,华福证券有限责任公司,上海-浦东新区,1.5-2千/月,10-23
私募类产品引进岗,华福证券有限责任公司,上海,1.5-2千/月,10-23
托管外包岗,招商证券股份有限公司杭州天目山路证券营业部,杭州-西湖区,1-1.5万/月,10-23
终端运营管理,上海天籍信息科技有限公司,上海,0.7-1.5万/月,10-23
分销商运营管理,上海天籍信息科技有限公司,上海,0.7-1.5万/月,10-23
iDST-UX设计专家（人工智能AI方向）-杭州,阿里巴巴集团,杭州,,10-23
蚂蚁金服-数据产品经理-反洗钱智能,阿里巴巴集团,杭州,,10-23
人工智能实验室-自然语音理解算法专家,阿里巴巴集团,杭州,,10-23
人工智能实验室-算法专家-知识图谱,阿里巴巴集团,杭州,,10-23
人工智能实验室-计算机视觉算法工程师/专家-AR方向,阿里巴巴集团,杭州,,10-23
产品商城-运维管理岗,华福证券有限责任公司,上海,1.5-2千/月,10-23
量化分析员,上海系数股权投资基金管理合伙企业（有限合伙）,上海-浦东新区,1-1.5万/月,10-23
行业研究员,上海从容投资管理有限公司,上海-浦东新区,20-70万/年,10-23
投资银行业务,中天国富证券有限公司,深圳-南山区,1.5-2万/月,10-22
信托实习生,中原信托有限公司,北京,,10-22
Journal Development Editor,麦克米伦信息咨询服务（上海）有限公司,北京-海淀区,1.2-1.8万/月,10-22
Journal Development Editor 1,麦克米伦信息咨询服务（上海）有限公司,北京-海淀区,1.2-1.8万/月,10-22
"Journal Development Editor, Clinical Medicine",麦克米伦信息咨询服务（上海）有限公司,北京-海淀区,1.2-1.8万/月,10-22
UI设计师,北京雅乐美森科技有限公司,北京-海淀区,1-2万/月,10-22
金融分析师,北京雅乐美森科技有限公司,北京-海淀区,1-2万/月,10-22
金融行业分析师,北京雅乐美森科技有限公司,北京-海淀区,0.8-1万/月,10-22
传媒编辑,北京雅乐美森科技有限公司,北京-海淀区,0.8-1万/月,10-22
产品经理,北京雅乐美森科技有限公司,北京-海淀区,2-2.5万/月,10-22
UE/UX交互设计师,北京雅乐美森科技有限公司,北京-海淀区,1.5-2万/月,10-22
投资经理,深圳市前海诚帮金融服务有限公司,异地招聘,30-40万/年,10-22
投资经理,深圳市前海诚帮金融服务有限公司,异地招聘,30-40万/年,10-22
投资总监,深圳市前海诚帮金融服务有限公司,异地招聘,50-60万/年,10-22
投资总监,深圳市前海诚帮金融服务有限公司,异地招聘,50-60万/年,10-22
基金管理部投资经理,上海科技创业投资（集团）有限公司,上海-徐汇区,1.5-3万/月,10-22
科技金融部副总经理,上海科技创业投资（集团）有限公司,上海-徐汇区,2-3万/月,10-22
项目直投部投资经理,上海科技创业投资（集团）有限公司,上海-徐汇区,1.5-2.5万/月,10-22
投资经理助理,上海科技创业投资（集团）有限公司,上海-徐汇区,4.5-6千/月,10-22
风险计量岗,中国光大银行信用卡中心,北京,,10-22
信托实习生,中原信托有限公司,上海,,10-22
债券研究岗,中国金融期货交易所股份有限公司,上海-浦东新区,20-30万/年,10-21
市场研究岗,中国金融期货交易所股份有限公司,上海-浦东新区,15-20万/年,10-21
内审稽核岗,中国金融期货交易所股份有限公司,上海-浦东新区,20-30万/年,10-20
外汇研究岗,中国金融期货交易所股份有限公司,上海-浦东新区,20-30万/年,10-20
新媒体编辑（龙门书局）,中国科技出版传媒股份有限公司,北京,7.5-8.5千/月,10-20
历史学科编辑/文科（龙门书局）,中国科技出版传媒股份有限公司,北京,7.5-8.5千/月,10-20
策划编辑/文科（龙门书局）,中国科技出版传媒股份有限公司,北京,7.5-8.5千/月,10-20
策划编辑/理科（龙门书局）,中国科技出版传媒股份有限公司,北京,7.5-8.5千/月,10-20
经济金融类,中国金融期货交易所股份有限公司,上海-浦东新区,15-20万/年,10-19
营销策划岗,兴银基金管理有限责任公司,上海,1-1.5万/月,10-19
绩效归因岗,兴银基金管理有限责任公司,上海,1-2万/月,10-19
研究员,兴银基金管理有限责任公司,上海,1-1.5万/月,10-19
投资经理（衍生品）,兴银基金管理有限责任公司,上海,1-1.5万/月,10-19
固定收益部副总经理,兴银基金管理有限责任公司,上海,1.5-2万/月,10-19
权益基金经理,兴银基金管理有限责任公司,上海,1.5-2万/月,10-19
基金事务部副总经理,兴银基金管理有限责任公司,上海,1.5-2万/月,10-19
权益总监/权益投资部负责人,兴银基金管理有限责任公司,上海,5-6万/月,10-19
稽核审计岗,兴银基金管理有限责任公司,上海,1-2万/月,10-19
债券交易主管,兴银基金管理有限责任公司,上海-浦东新区,1-2万/月,10-19
渠道管理岗（工作地：上海）,兴银基金管理有限责任公司,上海-浦东新区,1-1.5万/月,10-19
固定收益事业部交易员,恒创控股集团有限公司,深圳-福田区,3-5万/月,10-18
大数据分析岗,招商证券股份有限公司,深圳-福田区,1.5千以下/月,11-15
移动端图像算法技术专家 - 计算机视觉,字节跳动,上海,5-10万/月,11-15
产品运营经理,深圳嘉石大岩资本管理有限公司,深圳-福田区,1.5-2千/月,11-15
宏观经济研究,THE BLOCKCHAINER TECHNOLOGY PTE.LTD./区块链人科技（新加坡）有限公司,上海-静安区,1.5-2千/月,11-15
分单引擎仿真平台工程师/架构师(J180809021),滴滴出行,北京-海淀区,3-4.5千/月,11-15
分单引擎工程师/架构师(J180809022),滴滴出行,北京-海淀区,3-4.5千/月,11-15
核心数据服务工程师/架构师（Go）(J180809024),滴滴出行,北京-海淀区,3-4.5千/月,11-15
搜索算法工程师（专家）(J181009018),滴滴出行,北京-海淀区,5-7万/月,11-15
资产管理部总经理,上海好伯人力资源咨询有限公司,上海,80-120万/年,11-15
量化投资经理,上海好伯人力资源咨询有限公司,上海,60-90万/年,11-15
研究助理实习生（深圳）,上海申银万国证券研究所有限公司,深圳-福田区,1.5千以下/月,11-15
研究助理实习生（北京地）,上海申银万国证券研究所有限公司,北京-西城区,1.5千以下/月,11-15
研究助理实习生（上海）,上海申银万国证券研究所有限公司,上海,1.5千以下/月,11-15
行业研究员实习生,友山基金管理有限公司,上海-浦东新区,2-3千/月,11-15
投行项目助理实习生,渤海证券股份有限公司,深圳-南山区,1.5千以下/月,11-15
1111B2-商业分析/业务分析师,平安科技（深圳）有限公司,上海-浦东新区,1.5千以下/月,11-15
1111B1-商业分析/业务分析师,平安科技（深圳）有限公司,深圳-南山区,1.5千以下/月,11-15
华南分公司运营总监,中信期货有限公司,深圳,0.4-1.2万/月,11-14
项目总监（资产证券化）,同策房产咨询股份有限公司,上海-静安区,80-100万/年,11-13
权益类基金经理,益民基金管理有限公司北京分公司,北京-西城区,80-100万/年,11-12
固收类基金经理,益民基金管理有限公司北京分公司,北京-西城区,80-100万/年,11-12
行业研究员（通讯）,广发基金管理有限公司,异地招聘,1.5-4万/年,11-12
行业研究员（通讯）,广发基金管理有限公司,异地招聘,1.5-4万/年,11-12
行业研究员（通讯）,广发基金管理有限公司,广州,1.5-4万/年,11-12
行业研究员（TMT）,广发基金管理有限公司,异地招聘,1.5-4万/年,11-12
行业研究员（TMT）,广发基金管理有限公司,异地招聘,1.5-4万/年,11-12
行业研究员（TMT）,广发基金管理有限公司,广州,1.5-4万/年,11-12
行业研究员（计算机）,广发基金管理有限公司,异地招聘,1.5-4万/年,11-12
行业研究员（计算机）,广发基金管理有限公司,异地招聘,1.5-4万/年,11-12
行业研究员（计算机）,广发基金管理有限公司,广州,1.5-4万/年,11-12
行业研究员（实习）,华金证券股份有限公司,异地招聘,1.5-2千/月,11-07
行业研究员（实习）,华金证券股份有限公司,上海-浦东新区,1.5-2千/月,11-07
行业研究员（实习）,华金证券股份有限公司,异地招聘,1.5-2千/月,11-07
量化投资经理,天演资本,上海-浦东新区,100万以上/年,11-05
期权业务主管,华福证券有限责任公司,上海-浦东新区,1.5-2千/月,11-02
操盘手,深圳市前海诚帮金融服务有限公司,深圳-南山区,60-80万/年,11-02
投资经理,北京复奇管理咨询有限公司,北京-海淀区,2-3千/月,10-29
高级投资经理,北京复奇管理咨询有限公司,北京-海淀区,2-3千/月,10-29
投资经理,北京复奇管理咨询有限公司,北京-海淀区,2-3千/月,10-29
私募类产品销售管理岗,华福证券有限责任公司,上海,1.5-2千/月,10-23
产品商城-产品管理岗,华福证券有限责任公司,上海,1.5-2千/月,10-23
高级运营总监（海外渠道管理）,上海天籍信息科技有限公司,上海,15-30万/月,10-23
风控经理,深圳市前海诚帮金融服务有限公司,深圳-南山区,2-3千/月,10-23
金融投资实习生(10012685),宜信卓越财富投资管理（北京）有限公司,杭州-西湖区,2-3千/月,10-23
东证创投-股权投资研究助理（实习岗位）,东方证券股份有限公司,上海-黄浦区,1.5千以下/月,10-22
固定收益事业部总经理,恒创控股集团有限公司,深圳-福田区,10-30万/月,10-18
医药行业研究员,国元国际控股有限公司,深圳,1-3万/月,11-15
医药行业研究员,国元国际控股有限公司,深圳,1-3万/月,11-15
高级研究员,国元国际控股有限公司,深圳,1-3万/月,11-15
高级研究员,国元国际控股有限公司,异地招聘,1-3万/月,11-15
产业投资运营处高级经理,融捷投资控股集团有限公司,广州-天河区,1.7-2万/月,11-15
股权投资事业部募投经理,融捷投资控股集团有限公司,广州-天河区,1-1.5万/月,11-15
策略风险管理岗,平安证券股份有限公司,上海,1.5-3万/月,11-15
集中清算岗,平安证券股份有限公司,深圳-福田区,1-1.5万/月,11-15
原油研究员,平安证券股份有限公司,深圳-福田区,1-1.8万/月,11-15
投资计划岗,平安证券股份有限公司,深圳-福田区,1-1.5万/月,11-15
081155-账户经理岗,平安养老保险股份有限公司,北京-西城区,1-1.5万/月,11-15
011187-融资规划岗,"中国平安保险（集团）股份有限公司 Ping An Insurance (Group) Company Of China, Ltd.",深圳-福田区,20-30万/年,11-15
08116C-年金管理岗,平安养老保险股份有限公司,北京-西城区,0.8-1万/月,11-15
